ga:eventCategory,ga:eventAction,ga:eventLabel,ga:date,ga:hour,ga:minute,ga:country,ga:totalEvents,ga:uniqueEvents,ga:sessionsWithEvent,ga:eventsPerSessionWithEvent
mmViewProblem,16298: ABCSpeedup,17Mayank,20150118,1,24,India,1,1,1,1
mmViewProblem,16298: ABCSpeedup,3pideh,20150122,18,20,(not set),1,1,1,1
mmViewProblem,16298: ABCSpeedup,7568852607,20150116,9,45,India,1,1,1,1
mmViewProblem,16298: ABCSpeedup,AKGP,20150110,17,48,India,1,1,1,1
mmViewProblem,16298: ABCSpeedup,AMESHI,20150112,15,52,Nigeria,1,1,1,1
mmViewProblem,16298: ABCSpeedup,AMESHI,20150117,9,36,Nigeria,1,1,1,1
mmViewProblem,16298: ABCSpeedup,Abdel-Aziz,20150115,13,39,Egypt,1,1,1,1
mmViewProblem,16298: ABCSpeedup,Abdel-Aziz,20150115,13,43,Egypt,1,1,1,1
mmViewProblem,16298: ABCSpeedup,Abdel-Aziz,20150115,13,49,Egypt,1,1,1,1
mmViewProblem,16298: ABCSpeedup,Abdel-Aziz,20150115,13,52,Egypt,1,1,0,0
mmViewProblem,16298: ABCSpeedup,Abdullah.Arnab,20150115,6,55,Bangladesh,1,1,1,1
mmViewProblem,16298: ABCSpeedup,AbhiZen,20150201,2,16,United States,1,1,1,1
mmViewProblem,16298: ABCSpeedup,Aditya.Chowdhry,20150116,6,8,India,1,1,1,1
mmViewProblem,16298: ABCSpeedup,Aditya_O_Lee,20150118,5,17,India,1,1,1,1
mmViewProblem,16298: ABCSpeedup,Afif,20150115,9,19,India,1,1,1,1
mmViewProblem,16298: ABCSpeedup,Ahmed.32,20150123,4,12,Pakistan,1,1,1,1
mmViewProblem,16298: ABCSpeedup,Alexander.Park,20150112,21,32,United States,1,1,1,1
mmViewProblem,16298: ABCSpeedup,AlexanderL,20150113,1,21,Ukraine,1,1,0,0
mmViewProblem,16298: ABCSpeedup,AlexanderL,20150113,1,25,Ukraine,1,1,0,0
mmViewProblem,16298: ABCSpeedup,Alexey.Serov,20150113,6,14,Russia,1,1,1,1
mmViewProblem,16298: ABCSpeedup,Amit.Chahar,20150115,0,32,India,1,1,1,1
mmViewProblem,16298: ABCSpeedup,AmrMohamed1996,20150127,11,35,Egypt,1,1,1,1
mmViewProblem,16298: ABCSpeedup,Anas.shami,20150115,5,58,Palestine,1,1,1,1
mmViewProblem,16298: ABCSpeedup,Anas.shami,20150115,6,5,Palestine,1,1,0,0
mmViewProblem,16298: ABCSpeedup,Andrea.Garaj,20150127,19,48,Serbia,1,1,1,1
mmViewProblem,16298: ABCSpeedup,AndyFang,20150109,23,11,China,1,1,1,1
mmViewProblem,16298: ABCSpeedup,AndyFang,20150116,17,38,United States,1,1,1,1
mmViewProblem,16298: ABCSpeedup,AndyFang,20150116,17,40,United States,2,1,0,0
mmViewProblem,16298: ABCSpeedup,Archak,20150112,14,19,United States,1,1,1,1
mmViewProblem,16298: ABCSpeedup,Arpitha_DR,20150114,2,48,India,1,1,1,1
mmViewProblem,16298: ABCSpeedup,Arunraja,20150113,11,46,India,1,1,0,0
mmViewProblem,16298: ABCSpeedup,Arunraja,20150113,12,23,India,1,1,1,1
mmViewProblem,16298: ABCSpeedup,Arunraja,20150117,3,13,India,1,1,1,1
mmViewProblem,16298: ABCSpeedup,Arunraja,20150125,0,59,India,1,1,1,1
mmViewProblem,16298: ABCSpeedup,Arvind.Prakash,20150114,5,6,India,1,1,1,1
mmViewProblem,16298: ABCSpeedup,Ayat_Ra,20150125,0,7,Egypt,1,1,1,1
mmViewProblem,16298: ABCSpeedup,BatRoss,20150113,15,10,France,1,1,1,1
mmViewProblem,16298: ABCSpeedup,BatRoss,20150113,15,11,France,1,1,0,0
mmViewProblem,16298: ABCSpeedup,Beskaska,20150112,6,43,Kazakhstan,1,1,1,1
mmViewProblem,16298: ABCSpeedup,BhaGeera,20150117,10,49,United States,1,1,1,1
mmViewProblem,16298: ABCSpeedup,Bima.Wijaya,20150118,4,44,Indonesia,1,1,1,1
mmViewProblem,16298: ABCSpeedup,BlakeWL,20150113,23,1,Hong Kong,1,1,1,1
mmViewProblem,16298: ABCSpeedup,BlakeWL,20150113,23,2,Hong Kong,1,1,0,0
mmViewProblem,16298: ABCSpeedup,Blimp73,20150130,14,38,Austria,1,1,1,1
mmViewProblem,16298: ABCSpeedup,Blimp73,20150130,14,39,Austria,1,1,1,1
mmViewProblem,16298: ABCSpeedup,Blimp73,20150130,14,40,Austria,1,1,1,1
mmViewProblem,16298: ABCSpeedup,Brian.Lau,20150112,4,59,United States,1,1,1,1
mmViewProblem,16298: ABCSpeedup,Burakbb,20150111,0,5,Turkey,1,1,1,1
mmViewProblem,16298: ABCSpeedup,Burakbb,20150111,0,8,Turkey,1,1,1,1
mmViewProblem,16298: ABCSpeedup,CJ246,20150123,14,13,United States,1,1,1,1
mmViewProblem,16298: ABCSpeedup,CatalinT,20150115,12,27,Romania,1,1,1,1
mmViewProblem,16298: ABCSpeedup,CharlesHD,20150121,7,53,France,1,1,1,1
mmViewProblem,16298: ABCSpeedup,Chris.Lamont,20150111,14,59,Germany,1,1,1,1
mmViewProblem,16298: ABCSpeedup,ClearAll,20150111,8,13,India,1,1,1,1
mmViewProblem,16298: ABCSpeedup,ClearAll,20150111,8,37,India,1,1,0,0
mmViewProblem,16298: ABCSpeedup,ClearAll,20150111,8,58,India,1,1,0,0
mmViewProblem,16298: ABCSpeedup,CryptoMexican,20150122,15,25,United States,1,1,1,1
mmViewProblem,16298: ABCSpeedup,D4N73,20150114,0,59,India,1,1,1,1
mmViewProblem,16298: ABCSpeedup,DejvMatikar,20150109,16,49,Czech Republic,1,1,0,0
mmViewProblem,16298: ABCSpeedup,Dennis.Turbay,20150118,4,52,United States,1,1,1,1
mmViewProblem,16298: ABCSpeedup,DevSusu,20150116,3,30,South Korea,1,1,1,1
mmViewProblem,16298: ABCSpeedup,Dimalish,20150111,16,44,Russia,1,1,1,1
mmViewProblem,16298: ABCSpeedup,Dinesh.Kumar,20150128,1,47,India,1,1,1,1
mmViewProblem,16298: ABCSpeedup,Disha.Jha,20150121,4,2,India,1,1,1,1
mmViewProblem,16298: ABCSpeedup,Divergency,20150114,4,3,Turkey,1,1,1,1
mmViewProblem,16298: ABCSpeedup,Drumea.Vasile,20150118,11,5,Moldova,1,1,1,1
mmViewProblem,16298: ABCSpeedup,Elon_Smith,20150114,0,2,United States,1,1,1,1
mmViewProblem,16298: ABCSpeedup,Elon_Smith,20150114,0,4,United States,1,1,0,0
mmViewProblem,16298: ABCSpeedup,F.L.K,20150112,22,21,China,1,1,0,0
mmViewProblem,16298: ABCSpeedup,F.L.K,20150112,22,22,China,2,1,0,0
mmViewProblem,16298: ABCSpeedup,F.L.K,20150113,3,25,China,1,1,1,1
mmViewProblem,16298: ABCSpeedup,F.L.K,20150113,4,25,China,1,1,0,0
mmViewProblem,16298: ABCSpeedup,F.L.K,20150113,4,34,China,1,1,0,0
mmViewProblem,16298: ABCSpeedup,F.L.K,20150114,4,26,China,1,1,1,1
mmViewProblem,16298: ABCSpeedup,F.L.K,20150115,4,28,China,1,1,1,1
mmViewProblem,16298: ABCSpeedup,F.L.K,20150115,7,20,China,1,1,1,1
mmViewProblem,16298: ABCSpeedup,F.L.K,20150115,20,13,China,2,1,1,2
mmViewProblem,16298: ABCSpeedup,F.L.K,20150116,3,53,China,1,1,1,1
mmViewProblem,16298: ABCSpeedup,F.L.K,20150118,20,10,China,1,1,1,1
mmViewProblem,16298: ABCSpeedup,Fahim.Ahmed,20150113,11,30,Bangladesh,1,1,1,1
mmViewProblem,16298: ABCSpeedup,Farsan,20150112,1,51,Bangladesh,1,1,0,0
mmViewProblem,16298: ABCSpeedup,Fedevelez,20150115,21,11,Argentina,1,1,1,1
mmViewProblem,16298: ABCSpeedup,FilipeGoncalves,20150113,7,32,Portugal,1,1,1,1
mmViewProblem,16298: ABCSpeedup,FilipeGoncalves,20150113,7,37,Portugal,1,1,0,0
mmViewProblem,16298: ABCSpeedup,FireIce,20150112,20,41,Taiwan,1,1,1,1
mmViewProblem,16298: ABCSpeedup,Fireprufe15,20150118,8,34,South Africa,1,1,1,1
mmViewProblem,16298: ABCSpeedup,G0rynich,20150109,14,16,United States,1,1,1,1
mmViewProblem,16298: ABCSpeedup,G0rynich,20150109,15,26,United States,4,2,2,2
mmViewProblem,16298: ABCSpeedup,G0rynich,20150109,15,27,United States,1,1,0,0
mmViewProblem,16298: ABCSpeedup,G0rynich,20150112,23,27,United States,1,1,1,1
mmViewProblem,16298: ABCSpeedup,G0rynich,20150116,10,27,United States,1,1,1,1
mmViewProblem,16298: ABCSpeedup,G0rynich,20150118,17,42,United States,1,1,0,0
mmViewProblem,16298: ABCSpeedup,G0rynich,20150130,16,47,United States,1,1,1,1
mmViewProblem,16298: ABCSpeedup,GSTVAC,20150113,6,33,Brazil,1,1,1,1
mmViewProblem,16298: ABCSpeedup,GSTVAC,20150113,6,39,Brazil,1,1,1,1
mmViewProblem,16298: ABCSpeedup,GSTVAC,20150121,7,16,Brazil,1,1,1,1
mmViewProblem,16298: ABCSpeedup,GengenGen,20150124,7,37,Japan,1,1,1,1
mmViewProblem,16298: ABCSpeedup,GengenGen,20150124,7,38,Japan,1,1,0,0
mmViewProblem,16298: ABCSpeedup,Gottwik,20150117,6,18,Slovakia,1,1,1,1
mmViewProblem,16298: ABCSpeedup,Gr3Ch,20150109,14,54,Georgia,1,1,0,0
mmViewProblem,16298: ABCSpeedup,H19061996,20150117,8,15,India,1,1,1,1
mmViewProblem,16298: ABCSpeedup,Hakky,20150121,0,33,Japan,1,1,1,1
mmViewProblem,16298: ABCSpeedup,HellFalcon,20150115,11,25,Belarus,1,1,1,1
mmViewProblem,16298: ABCSpeedup,HitenK,20150120,16,13,Romania,1,1,1,1
mmViewProblem,16298: ABCSpeedup,HoyuoRan,20150115,0,54,South Korea,1,1,1,1
mmViewProblem,16298: ABCSpeedup,InnocuousSagar,20150115,12,10,India,1,1,1,1
mmViewProblem,16298: ABCSpeedup,InnocuousSagar,20150115,12,12,India,1,1,1,1
mmViewProblem,16298: ABCSpeedup,JD_247,20150109,15,55,India,1,1,1,1
mmViewProblem,16298: ABCSpeedup,JRSSKumarD,20150109,13,8,United States,1,1,0,0
mmViewProblem,16298: ABCSpeedup,JRSSKumarD,20150109,13,41,United States,1,1,0,0
mmViewProblem,16298: ABCSpeedup,JRSSKumarD,20150110,11,49,United States,1,1,0,0
mmViewProblem,16298: ABCSpeedup,JRSSKumarD,20150112,22,55,United States,1,1,1,1
mmViewProblem,16298: ABCSpeedup,JRSSKumarD,20150113,10,8,United States,1,1,1,1
mmViewProblem,16298: ABCSpeedup,JRSSKumarD,20150113,12,35,United States,1,1,1,1
mmViewProblem,16298: ABCSpeedup,JRSSKumarD,20150113,17,53,United States,1,1,1,1
mmViewProblem,16298: ABCSpeedup,JRSSKumarD,20150114,0,28,United States,1,1,1,1
mmViewProblem,16298: ABCSpeedup,JRSSKumarD,20150114,12,5,United States,1,1,1,1
mmViewProblem,16298: ABCSpeedup,JRSSKumarD,20150114,23,32,United States,1,1,1,1
mmViewProblem,16298: ABCSpeedup,JRSSKumarD,20150115,10,53,United States,1,1,1,1
mmViewProblem,16298: ABCSpeedup,JRSSKumarD,20150115,12,22,United States,1,1,1,1
mmViewProblem,16298: ABCSpeedup,JRSSKumarD,20150115,18,34,United States,1,1,1,1
mmViewProblem,16298: ABCSpeedup,JRSSKumarD,20150115,22,54,United States,1,1,1,1
mmViewProblem,16298: ABCSpeedup,JRSSKumarD,20150116,12,2,United States,1,1,1,1
mmViewProblem,16298: ABCSpeedup,JRSSKumarD,20150116,14,51,United States,1,1,1,1
mmViewProblem,16298: ABCSpeedup,JRSSKumarD,20150116,16,14,United States,1,1,0,0
mmViewProblem,16298: ABCSpeedup,JRSSKumarD,20150117,12,37,United States,1,1,1,1
mmViewProblem,16298: ABCSpeedup,JRSSKumarD,20150127,19,20,United States,1,1,1,1
mmViewProblem,16298: ABCSpeedup,JackKnife,20150112,16,27,United States,1,1,1,1
mmViewProblem,16298: ABCSpeedup,JackKnife,20150112,17,43,United States,1,1,1,1
mmViewProblem,16298: ABCSpeedup,JackKnife,20150113,14,22,United States,1,1,1,1
mmViewProblem,16298: ABCSpeedup,JacoCronje,20150109,14,33,South Africa,1,1,1,1
mmViewProblem,16298: ABCSpeedup,JacoCronje,20150109,14,34,South Africa,1,1,0,0
mmViewProblem,16298: ABCSpeedup,JacoCronje,20150109,14,38,South Africa,1,1,1,1
mmViewProblem,16298: ABCSpeedup,JacoCronje,20150111,9,25,South Africa,1,1,0,0
mmViewProblem,16298: ABCSpeedup,JacoCronje,20150112,2,29,South Africa,1,1,0,0
mmViewProblem,16298: ABCSpeedup,JacoCronje,20150112,5,45,South Africa,1,1,1,1
mmViewProblem,16298: ABCSpeedup,JacoCronje,20150112,9,15,South Africa,1,1,1,1
mmViewProblem,16298: ABCSpeedup,JacoCronje,20150113,1,24,South Africa,1,1,0,0
mmViewProblem,16298: ABCSpeedup,JacoCronje,20150113,2,4,South Africa,2,1,1,2
mmViewProblem,16298: ABCSpeedup,JacoCronje,20150113,4,35,South Africa,1,1,1,1
mmViewProblem,16298: ABCSpeedup,JacoCronje,20150113,7,35,South Africa,1,1,1,1
mmViewProblem,16298: ABCSpeedup,JacoCronje,20150113,7,37,South Africa,1,1,0,0
mmViewProblem,16298: ABCSpeedup,JacoCronje,20150113,14,21,South Africa,2,1,1,2
mmViewProblem,16298: ABCSpeedup,JacoCronje,20150114,2,13,South Africa,1,1,1,1
mmViewProblem,16298: ABCSpeedup,JacoCronje,20150114,8,8,South Africa,1,1,1,1
mmViewProblem,16298: ABCSpeedup,JacoCronje,20150114,8,9,South Africa,1,1,0,0
mmViewProblem,16298: ABCSpeedup,JacoCronje,20150115,13,31,South Africa,1,1,1,1
mmViewProblem,16298: ABCSpeedup,JacoCronje,20150115,15,1,South Africa,1,1,1,1
mmViewProblem,16298: ABCSpeedup,JacoCronje,20150116,2,18,South Africa,1,1,1,1
mmViewProblem,16298: ABCSpeedup,JacoCronje,20150116,3,33,South Africa,1,1,1,1
mmViewProblem,16298: ABCSpeedup,JacoCronje,20150116,15,25,South Africa,1,1,1,1
mmViewProblem,16298: ABCSpeedup,Jake1164,20150114,16,27,United States,1,1,0,0
mmViewProblem,16298: ABCSpeedup,Jake1164,20150114,16,37,United States,2,2,1,2
mmViewProblem,16298: ABCSpeedup,Jake1164,20150114,16,38,United States,1,1,1,1
mmViewProblem,16298: ABCSpeedup,Jake1164,20150114,16,39,United States,1,1,0,0
mmViewProblem,16298: ABCSpeedup,Jake1164,20150129,7,55,United States,1,1,1,1
mmViewProblem,16298: ABCSpeedup,Jake1164,20150129,7,56,United States,1,1,0,0
mmViewProblem,16298: ABCSpeedup,Jason.Huh,20150128,17,35,United States,1,1,1,1
mmViewProblem,16298: ABCSpeedup,JayLo,20150113,12,16,United States,1,1,1,1
mmViewProblem,16298: ABCSpeedup,JayLo,20150113,12,18,United States,1,1,1,1
mmViewProblem,16298: ABCSpeedup,JaydevMehta,20150110,8,50,India,1,1,1,1
mmViewProblem,16298: ABCSpeedup,Jerryevans,20150112,9,22,United Kingdom,1,1,1,1
mmViewProblem,16298: ABCSpeedup,Jhutan.Debnath,20150117,9,20,India,1,1,1,1
mmViewProblem,16298: ABCSpeedup,Jhutan.Debnath,20150117,9,22,India,1,1,1,1
mmViewProblem,16298: ABCSpeedup,Jhutan.Debnath,20150117,9,23,India,1,1,0,0
mmViewProblem,16298: ABCSpeedup,JohnFChionglo,20150113,21,5,Philippines,1,1,1,1
mmViewProblem,16298: ABCSpeedup,Jooosh,20150113,11,53,China,1,1,1,1
mmViewProblem,16298: ABCSpeedup,Junchi.Liu,20150113,19,3,New Zealand,1,1,1,1
mmViewProblem,16298: ABCSpeedup,JusticeForAll,20150109,22,2,United States,1,1,1,1
mmViewProblem,16298: ABCSpeedup,Kaaveh-MD,20150110,15,30,Iran,1,1,1,1
mmViewProblem,16298: ABCSpeedup,Kakshil.Shah,20150117,13,51,India,1,1,1,1
mmViewProblem,16298: ABCSpeedup,Kelaktaa,20150115,1,46,France,1,1,1,1
mmViewProblem,16298: ABCSpeedup,KenzieChen,20150116,22,45,China,1,1,1,1
mmViewProblem,16298: ABCSpeedup,Kinematic,20150111,11,53,Czech Republic,1,1,1,1
mmViewProblem,16298: ABCSpeedup,Komaki,20150115,3,21,Japan,2,2,1,2
mmViewProblem,16298: ABCSpeedup,KudaChinyemba,20150112,6,51,South Africa,1,1,0,0
mmViewProblem,16298: ABCSpeedup,KudaChinyemba,20150112,6,56,South Africa,1,1,1,1
mmViewProblem,16298: ABCSpeedup,KudaChinyemba,20150112,6,57,South Africa,1,1,1,1
mmViewProblem,16298: ABCSpeedup,KumarNavneet,20150116,12,31,India,1,1,1,1
mmViewProblem,16298: ABCSpeedup,KunalMahajan,20150129,9,23,India,1,1,1,1
mmViewProblem,16298: ABCSpeedup,KunalMahajan,20150129,9,43,India,1,1,0,0
mmViewProblem,16298: ABCSpeedup,LLcoolNJ,20150113,14,58,India,1,1,1,1
mmViewProblem,16298: ABCSpeedup,Lavee.Singh,20150117,3,12,India,1,1,1,1
mmViewProblem,16298: ABCSpeedup,LayCurse,20150114,21,39,Japan,1,1,1,1
mmViewProblem,16298: ABCSpeedup,Legion121,20150130,7,4,Romania,1,1,1,1
mmViewProblem,16298: ABCSpeedup,Lougarou,20150113,4,49,Mauritius,1,1,1,1
mmViewProblem,16298: ABCSpeedup,Lougarou,20150122,8,48,Mauritius,1,1,1,1
mmViewProblem,16298: ABCSpeedup,Lugera,20150110,8,54,Germany,1,1,1,1
mmViewProblem,16298: ABCSpeedup,MarkNaughton,20150131,11,31,United States,1,1,1,1
mmViewProblem,16298: ABCSpeedup,MarkNaughton,20150131,11,32,United States,1,1,0,0
mmViewProblem,16298: ABCSpeedup,MarkNaughton,20150131,11,33,United States,2,1,1,2
mmViewProblem,16298: ABCSpeedup,MarkNaughton,20150131,11,35,United States,6,4,4,1.5
mmViewProblem,16298: ABCSpeedup,MarkNaughton,20150131,11,40,United States,2,2,2,1
mmViewProblem,16298: ABCSpeedup,Matijaman,20150113,16,35,Croatia,1,1,1,1
mmViewProblem,16298: ABCSpeedup,Mindblender,20150116,12,39,India,1,1,1,1
mmViewProblem,16298: ABCSpeedup,MizzzViolet,20150117,17,55,Ireland,1,1,1,1
mmViewProblem,16298: ABCSpeedup,MizzzViolet,20150118,5,33,Ireland,1,1,1,1
mmViewProblem,16298: ABCSpeedup,MizzzViolet,20150118,5,36,Ireland,1,1,0,0
mmViewProblem,16298: ABCSpeedup,Mloody2000,20150112,16,32,France,4,2,0,0
mmViewProblem,16298: ABCSpeedup,Mloody2000,20150113,16,12,France,1,1,0,0
mmViewProblem,16298: ABCSpeedup,MohamedHashim,20150110,3,55,Egypt,1,1,1,1
mmViewProblem,16298: ABCSpeedup,Mousecage,20150110,16,34,United States,1,1,1,1
mmViewProblem,16298: ABCSpeedup,Mtier,20150110,6,4,United States,1,1,1,1
mmViewProblem,16298: ABCSpeedup,Mukund.S,20150110,4,5,India,1,1,1,1
mmViewProblem,16298: ABCSpeedup,My.Nguyen,20150112,21,39,United States,1,1,1,1
mmViewProblem,16298: ABCSpeedup,NairUlIslam,20150113,3,27,India,1,1,1,1
mmViewProblem,16298: ABCSpeedup,NairUlIslam,20150113,3,30,India,1,1,0,0
mmViewProblem,16298: ABCSpeedup,NairUlIslam,20150113,3,31,India,1,1,0,0
mmViewProblem,16298: ABCSpeedup,NeXx,20150109,13,16,Algeria,1,1,1,1
mmViewProblem,16298: ABCSpeedup,NeXx,20150110,8,32,Algeria,1,1,1,1
mmViewProblem,16298: ABCSpeedup,NguyenManhDucAc,20150127,5,23,Vietnam,1,1,1,1
mmViewProblem,16298: ABCSpeedup,NoRKin,20150125,8,52,Australia,2,1,1,2
mmViewProblem,16298: ABCSpeedup,NoRKin,20150201,18,55,Australia,1,1,1,1
mmViewProblem,16298: ABCSpeedup,OldForest,20150112,3,24,Hong Kong,1,1,1,1
mmViewProblem,16298: ABCSpeedup,Omar.Espinosa,20150113,18,48,Mexico,1,1,1,1
mmViewProblem,16298: ABCSpeedup,OvisAries,20150113,23,50,Taiwan,1,1,1,1
mmViewProblem,16298: ABCSpeedup,OvisAries,20150113,23,54,Taiwan,1,1,1,1
mmViewProblem,16298: ABCSpeedup,OvisAries,20150114,8,18,Taiwan,1,1,1,1
mmViewProblem,16298: ABCSpeedup,PAZEUSRENTS4,20150125,3,38,India,1,1,1,1
mmViewProblem,16298: ABCSpeedup,Parvinder09,20150122,9,6,India,2,1,1,2
mmViewProblem,16298: ABCSpeedup,Parvinder09,20150126,0,21,India,1,1,1,1
mmViewProblem,16298: ABCSpeedup,Parvinder09,20150126,0,22,India,1,1,0,0
mmViewProblem,16298: ABCSpeedup,Pavel.Kvas,20150111,17,6,Ukraine,1,1,1,1
mmViewProblem,16298: ABCSpeedup,Pena,20150110,8,20,Finland,1,1,1,1
mmViewProblem,16298: ABCSpeedup,Pena,20150110,8,35,Finland,1,1,0,0
mmViewProblem,16298: ABCSpeedup,Pena,20150110,8,37,Finland,1,1,0,0
mmViewProblem,16298: ABCSpeedup,Pena,20150110,8,40,Finland,1,1,0,0
mmViewProblem,16298: ABCSpeedup,Pena,20150111,15,34,Finland,1,1,1,1
mmViewProblem,16298: ABCSpeedup,Pena,20150111,15,51,Finland,1,1,0,0
mmViewProblem,16298: ABCSpeedup,Pena,20150112,9,55,Finland,1,1,1,1
mmViewProblem,16298: ABCSpeedup,Pena,20150113,0,26,Finland,1,1,1,1
mmViewProblem,16298: ABCSpeedup,Pena,20150114,5,40,Finland,1,1,1,1
mmViewProblem,16298: ABCSpeedup,Pena,20150119,1,26,Finland,1,1,1,1
mmViewProblem,16298: ABCSpeedup,Peter.Jahn,20150110,12,31,Hungary,2,1,0,0
mmViewProblem,16298: ABCSpeedup,Peter.Jahn,20150110,12,33,Hungary,1,1,0,0
mmViewProblem,16298: ABCSpeedup,Peter.Jahn,20150111,12,36,Hungary,1,1,0,0
mmViewProblem,16298: ABCSpeedup,Peter.Jahn,20150112,4,15,Hungary,1,1,1,1
mmViewProblem,16298: ABCSpeedup,Peter.Jahn,20150115,16,25,Hungary,2,1,0,0
mmViewProblem,16298: ABCSpeedup,Peter.Jahn,20150115,16,28,Hungary,1,1,0,0
mmViewProblem,16298: ABCSpeedup,Peter.Jahn,20150118,6,59,Hungary,1,1,1,1
mmViewProblem,16298: ABCSpeedup,Philip.Moniaga,20150112,22,30,Indonesia,1,1,1,1
mmViewProblem,16298: ABCSpeedup,Pliskin,20150109,22,40,United States,1,1,1,1
mmViewProblem,16298: ABCSpeedup,Pliskin,20150109,22,48,United States,1,1,1,1
mmViewProblem,16298: ABCSpeedup,Prithaj.Nath,20150109,20,25,United States,1,1,1,1
mmViewProblem,16298: ABCSpeedup,Psychonut,20150127,15,41,United States,1,1,1,1
mmViewProblem,16298: ABCSpeedup,Ragewing,20150114,14,34,Ukraine,1,1,1,1
mmViewProblem,16298: ABCSpeedup,Rahul.Gosain,20150114,4,46,India,1,1,1,1
mmViewProblem,16298: ABCSpeedup,Raineii,20150114,22,32,Mexico,1,1,1,1
mmViewProblem,16298: ABCSpeedup,Raineii,20150114,23,0,Mexico,1,1,1,1
mmViewProblem,16298: ABCSpeedup,Raineii,20150114,23,1,Mexico,1,1,1,1
mmViewProblem,16298: ABCSpeedup,Rajpurohit,20150117,5,20,India,1,1,1,1
mmViewProblem,16298: ABCSpeedup,Rajpurohit,20150117,5,42,India,1,1,1,1
mmViewProblem,16298: ABCSpeedup,Rajpurohit,20150117,5,44,India,1,1,0,0
mmViewProblem,16298: ABCSpeedup,RaulEnriqueSil,20150111,22,25,Argentina,1,1,1,1
mmViewProblem,16298: ABCSpeedup,RaulEnriqueSil,20150111,23,22,Argentina,1,1,1,1
mmViewProblem,16298: ABCSpeedup,ReHeatedCake,20150114,0,7,United States,1,1,1,1
mmViewProblem,16298: ABCSpeedup,Reddy_K,20150116,1,52,India,1,1,1,1
mmViewProblem,16298: ABCSpeedup,Resolute,20150117,13,35,Ukraine,1,1,1,1
mmViewProblem,16298: ABCSpeedup,Riel.Kim,20150118,2,0,South Korea,1,1,1,1
mmViewProblem,16298: ABCSpeedup,Riel.Kim,20150118,2,45,South Korea,1,1,1,1
mmViewProblem,16298: ABCSpeedup,Robinbg,20150118,3,4,China,1,1,1,1
mmViewProblem,16298: ABCSpeedup,Robinbg,20150118,3,6,China,1,1,0,0
mmViewProblem,16298: ABCSpeedup,Rudyza,20150114,20,12,United States,1,1,1,1
mmViewProblem,16298: ABCSpeedup,Rushikesh.Deshp,20150111,2,32,Lebanon,1,1,1,1
mmViewProblem,16298: ABCSpeedup,Rushikesh.Deshp,20150111,2,45,Lebanon,1,1,0,0
mmViewProblem,16298: ABCSpeedup,S.E.Silentium,20150112,8,21,Azerbaijan,1,1,1,1
mmViewProblem,16298: ABCSpeedup,S.Y.B.E,20150201,8,18,India,1,1,1,1
mmViewProblem,16298: ABCSpeedup,SPChoria,20150113,1,48,Romania,1,1,1,1
mmViewProblem,16298: ABCSpeedup,SPChoria,20150113,1,49,Romania,2,1,0,0
mmViewProblem,16298: ABCSpeedup,SPChoria,20150113,2,8,Romania,1,1,0,0
mmViewProblem,16298: ABCSpeedup,SPChoria,20150113,4,44,Romania,1,1,1,1
mmViewProblem,16298: ABCSpeedup,SPChoria,20150113,4,53,Romania,1,1,0,0
mmViewProblem,16298: ABCSpeedup,SPChoria,20150113,5,37,Romania,1,1,1,1
mmViewProblem,16298: ABCSpeedup,SPChoria,20150113,6,5,Romania,1,1,1,1
mmViewProblem,16298: ABCSpeedup,SPChoria,20150113,6,6,Romania,1,1,0,0
mmViewProblem,16298: ABCSpeedup,SPChoria,20150113,13,55,Romania,1,1,1,1
mmViewProblem,16298: ABCSpeedup,SPChoria,20150113,16,23,Romania,1,1,1,1
mmViewProblem,16298: ABCSpeedup,SPChoria,20150114,9,37,Romania,1,1,1,1
mmViewProblem,16298: ABCSpeedup,SPChoria,20150114,9,38,Romania,1,1,0,0
mmViewProblem,16298: ABCSpeedup,SPChoria,20150114,9,40,Romania,1,1,0,0
mmViewProblem,16298: ABCSpeedup,SPChoria,20150114,9,41,Romania,1,1,0,0
mmViewProblem,16298: ABCSpeedup,SPChoria,20150114,9,43,Romania,1,1,0,0
mmViewProblem,16298: ABCSpeedup,SPChoria,20150120,4,31,Romania,4,1,1,4
mmViewProblem,16298: ABCSpeedup,SPChoria,20150120,4,32,Romania,1,1,0,0
mmViewProblem,16298: ABCSpeedup,SPChoria,20150120,4,37,Romania,1,1,0,0
mmViewProblem,16298: ABCSpeedup,S_Saqib,20150201,9,43,Bangladesh,1,1,1,1
mmViewProblem,16298: ABCSpeedup,SabTheKnight,20150116,4,30,India,1,1,1,1
mmViewProblem,16298: ABCSpeedup,SabTheKnight,20150118,3,26,India,1,1,1,1
mmViewProblem,16298: ABCSpeedup,Safadurimo,20150109,13,48,Germany,1,1,1,1
mmViewProblem,16298: ABCSpeedup,Safadurimo,20150112,10,35,Germany,1,1,1,1
mmViewProblem,16298: ABCSpeedup,Safadurimo,20150112,10,37,Germany,1,1,0,0
mmViewProblem,16298: ABCSpeedup,SalPartovi,20150109,19,25,United States,1,1,1,1
mmViewProblem,16298: ABCSpeedup,SalPartovi,20150109,19,26,United States,2,1,0,0
mmViewProblem,16298: ABCSpeedup,Sanjivani,20150110,20,22,Singapore,1,1,1,1
mmViewProblem,16298: ABCSpeedup,Saurav1995,20150113,8,8,India,1,1,1,1
mmViewProblem,16298: ABCSpeedup,Sean.Moran,20150112,14,35,United Kingdom,1,1,1,1
mmViewProblem,16298: ABCSpeedup,Sean.Moran,20150112,14,37,United Kingdom,1,1,1,1
mmViewProblem,16298: ABCSpeedup,Sean.Moran,20150112,15,24,United Kingdom,1,1,1,1
mmViewProblem,16298: ABCSpeedup,Sean.Moran,20150112,15,25,United Kingdom,1,1,1,1
mmViewProblem,16298: ABCSpeedup,Sean.Moran,20150112,17,1,United Kingdom,1,1,1,1
mmViewProblem,16298: ABCSpeedup,Sean.Moran,20150112,17,5,United Kingdom,1,1,0,0
mmViewProblem,16298: ABCSpeedup,Sean.Moran,20150112,17,11,United Kingdom,1,1,1,1
mmViewProblem,16298: ABCSpeedup,Sean.Moran,20150112,17,25,United Kingdom,1,1,1,1
mmViewProblem,16298: ABCSpeedup,Sean.Moran,20150112,17,38,United Kingdom,1,1,1,1
mmViewProblem,16298: ABCSpeedup,Sean.Moran,20150112,17,39,United Kingdom,1,1,0,0
mmViewProblem,16298: ABCSpeedup,SebM,20150114,4,41,France,1,1,1,1
mmViewProblem,16298: ABCSpeedup,SelfyJr,20150110,8,34,United Kingdom,1,1,1,1
mmViewProblem,16298: ABCSpeedup,Sergio2804,20150131,16,56,Ukraine,1,1,1,1
mmViewProblem,16298: ABCSpeedup,Shunyuan.Zhang,20150112,16,3,United States,1,1,1,1
mmViewProblem,16298: ABCSpeedup,SidWagz,20150129,12,48,India,1,1,1,1
mmViewProblem,16298: ABCSpeedup,SilentCid,20150112,22,53,United States,1,1,1,1
mmViewProblem,16298: ABCSpeedup,Silvere,20150115,22,48,United States,1,1,1,1
mmViewProblem,16298: ABCSpeedup,Silvere,20150115,22,57,United States,1,1,0,0
mmViewProblem,16298: ABCSpeedup,Silvere,20150115,23,5,United States,1,1,0,0
mmViewProblem,16298: ABCSpeedup,Silvere,20150115,23,8,United States,1,1,0,0
mmViewProblem,16298: ABCSpeedup,Silvere,20150115,23,11,United States,1,1,0,0
mmViewProblem,16298: ABCSpeedup,Silvere,20150115,23,13,United States,1,1,0,0
mmViewProblem,16298: ABCSpeedup,Simbir,20150118,14,20,Russia,1,1,1,1
mmViewProblem,16298: ABCSpeedup,Simon24601,20150112,17,39,United Kingdom,1,1,1,1
mmViewProblem,16298: ABCSpeedup,Sirna,20150115,13,12,India,1,1,1,1
mmViewProblem,16298: ABCSpeedup,Sky_,20150110,3,52,Poland,1,1,1,1
mmViewProblem,16298: ABCSpeedup,Sky_,20150110,3,56,Poland,1,1,0,0
mmViewProblem,16298: ABCSpeedup,SoYoung,20150129,3,0,China,1,1,1,1
mmViewProblem,16298: ABCSpeedup,Softwalker,20150111,14,15,United States,1,1,1,1
mmViewProblem,16298: ABCSpeedup,Srizzle,20150112,0,53,United States,1,1,1,1
mmViewProblem,16298: ABCSpeedup,Sumit.Patel,20150115,8,52,India,1,1,1,1
mmViewProblem,16298: ABCSpeedup,TAG,20150110,16,25,Ukraine,1,1,1,1
mmViewProblem,16298: ABCSpeedup,TMALBONPH,20150110,4,3,Philippines,1,1,1,1
mmViewProblem,16298: ABCSpeedup,TMALBONPH,20150111,22,16,Philippines,1,1,1,1
mmViewProblem,16298: ABCSpeedup,TMALBONPH,20150111,22,29,Philippines,1,1,1,1
mmViewProblem,16298: ABCSpeedup,TMALBONPH,20150113,20,8,Philippines,1,1,0,0
mmViewProblem,16298: ABCSpeedup,T_12,20150114,9,10,Russia,1,1,1,1
mmViewProblem,16298: ABCSpeedup,TahaMahmoud,20150111,11,6,Egypt,1,1,1,1
mmViewProblem,16298: ABCSpeedup,TahaMahmoud,20150111,15,34,Egypt,1,1,1,1
mmViewProblem,16298: ABCSpeedup,Taquion,20150116,22,7,Bolivia,1,1,0,0
mmViewProblem,16298: ABCSpeedup,Taquion,20150121,20,52,Bolivia,1,1,0,0
mmViewProblem,16298: ABCSpeedup,Tavo92,20150112,23,25,United States,1,1,1,1
mmViewProblem,16298: ABCSpeedup,Thomasoleil,20150111,15,17,France,2,1,1,2
mmViewProblem,16298: ABCSpeedup,Thunderstorm33,20150113,9,35,Poland,1,1,1,1
mmViewProblem,16298: ABCSpeedup,TonyJ,20150109,16,53,United States,1,1,1,1
mmViewProblem,16298: ABCSpeedup,TonyJ,20150122,13,31,United States,1,1,1,1
mmViewProblem,16298: ABCSpeedup,Towhid,20150109,23,42,Bangladesh,1,1,1,1
mmViewProblem,16298: ABCSpeedup,Towhid,20150112,3,39,Bangladesh,1,1,1,1
mmViewProblem,16298: ABCSpeedup,Towhid,20150113,4,38,Bangladesh,1,1,1,1
mmViewProblem,16298: ABCSpeedup,Towhid,20150113,7,44,Bangladesh,1,1,1,1
mmViewProblem,16298: ABCSpeedup,Towhid,20150114,23,4,Bangladesh,1,1,1,1
mmViewProblem,16298: ABCSpeedup,Towhid,20150115,2,27,Bangladesh,1,1,0,0
mmViewProblem,16298: ABCSpeedup,Towhid,20150115,7,17,Bangladesh,1,1,1,1
mmViewProblem,16298: ABCSpeedup,Towhid,20150117,21,59,Bangladesh,1,1,1,1
mmViewProblem,16298: ABCSpeedup,TwoOfDiamonds,20150112,15,4,Romania,1,1,1,1
mmViewProblem,16298: ABCSpeedup,Uchigle,20150112,13,33,Japan,1,1,1,1
mmViewProblem,16298: ABCSpeedup,Ultral,20150121,5,46,Poland,1,1,1,1
mmViewProblem,16298: ABCSpeedup,Ultral,20150128,9,18,Poland,1,1,1,1
mmViewProblem,16298: ABCSpeedup,Vikas.Dhochak,20150117,8,56,India,1,1,1,1
mmViewProblem,16298: ABCSpeedup,Vincent.Lam,20150112,16,32,Canada,1,1,1,1
mmViewProblem,16298: ABCSpeedup,Vincent.Lam,20150116,11,33,Canada,1,1,1,1
mmViewProblem,16298: ABCSpeedup,Vishu.Singh,20150115,12,30,India,1,1,1,1
mmViewProblem,16298: ABCSpeedup,Visoks,20150129,4,11,Lithuania,1,1,0,0
mmViewProblem,16298: ABCSpeedup,Warren1930,20150117,19,56,United States,1,1,1,1
mmViewProblem,16298: ABCSpeedup,Weining.Hu,20150111,1,54,Canada,2,1,1,2
mmViewProblem,16298: ABCSpeedup,WeirdThinker15,20150114,10,41,India,1,1,1,1
mmViewProblem,16298: ABCSpeedup,WeirdThinker15,20150114,10,42,India,1,1,0,0
mmViewProblem,16298: ABCSpeedup,William.Shen88,20150116,13,20,United States,1,1,1,1
mmViewProblem,16298: ABCSpeedup,WojciechMigda,20150109,15,22,Poland,1,1,1,1
mmViewProblem,16298: ABCSpeedup,WojciechMigda,20150109,19,37,Poland,1,1,1,1
mmViewProblem,16298: ABCSpeedup,WojciechMigda,20150109,19,50,Poland,1,1,0,0
mmViewProblem,16298: ABCSpeedup,WojciechMigda,20150111,16,8,Poland,1,1,0,0
mmViewProblem,16298: ABCSpeedup,WojciechMigda,20150112,13,24,Poland,1,1,0,0
mmViewProblem,16298: ABCSpeedup,WojciechMigda,20150112,19,25,Poland,1,1,0,0
mmViewProblem,16298: ABCSpeedup,WojciechMigda,20150113,5,12,Poland,1,1,1,1
mmViewProblem,16298: ABCSpeedup,WojciechMigda,20150113,5,45,Poland,1,1,1,1
mmViewProblem,16298: ABCSpeedup,WojciechMigda,20150113,11,14,Poland,1,1,0,0
mmViewProblem,16298: ABCSpeedup,WojciechMigda,20150115,15,55,Poland,1,1,1,1
mmViewProblem,16298: ABCSpeedup,WojciechMigda,20150115,16,17,Poland,1,1,0,0
mmViewProblem,16298: ABCSpeedup,WojciechMigda,20150115,19,25,Poland,1,1,0,0
mmViewProblem,16298: ABCSpeedup,WojciechMigda,20150115,19,26,Poland,1,1,0,0
mmViewProblem,16298: ABCSpeedup,WojciechMigda,20150116,17,49,Poland,1,1,1,1
mmViewProblem,16298: ABCSpeedup,WojciechMigda,20150117,15,54,Poland,1,1,0,0
mmViewProblem,16298: ABCSpeedup,WojciechMigda,20150117,20,58,Poland,1,1,1,1
mmViewProblem,16298: ABCSpeedup,WyattB,20150117,22,48,United States,1,1,1,1
mmViewProblem,16298: ABCSpeedup,Xarion,20150113,7,14,Turkey,1,1,1,1
mmViewProblem,16298: ABCSpeedup,Xingda.Wang,20150114,10,48,Ireland,1,1,1,1
mmViewProblem,16298: ABCSpeedup,Xylofo,20150110,15,53,Sweden,1,1,1,1
mmViewProblem,16298: ABCSpeedup,YDesai,20150111,14,41,United States,1,1,0,0
mmViewProblem,16298: ABCSpeedup,YenF,20150130,22,10,Taiwan,1,1,1,1
mmViewProblem,16298: ABCSpeedup,Yixin.Wan,20150115,12,42,United States,1,1,1,1
mmViewProblem,16298: ABCSpeedup,Yixin.Wan,20150115,12,43,United States,2,1,0,0
mmViewProblem,16298: ABCSpeedup,Zandri,20150112,2,14,Germany,1,1,1,1
mmViewProblem,16298: ABCSpeedup,Zandri,20150112,2,25,Germany,1,1,0,0
mmViewProblem,16298: ABCSpeedup,Zhuowei Cai,20150110,17,18,United States,1,1,1,1
mmViewProblem,16298: ABCSpeedup,_INVICTUS,20150117,13,58,Canada,1,1,1,1
mmViewProblem,16298: ABCSpeedup,_INVICTUS,20150117,13,59,Canada,1,1,1,1
mmViewProblem,16298: ABCSpeedup,_sash,20150117,3,31,Japan,1,1,0,0
mmViewProblem,16298: ABCSpeedup,_sjas,20150128,22,40,Philippines,1,1,0,0
mmViewProblem,16298: ABCSpeedup,_sushant_rathor,20150115,11,48,India,1,1,1,1
mmViewProblem,16298: ABCSpeedup,_sushant_rathor,20150118,8,1,India,1,1,1,1
mmViewProblem,16298: ABCSpeedup,_sushant_rathor,20150118,8,5,India,1,1,0,0
mmViewProblem,16298: ABCSpeedup,a7884594,20150117,8,18,Taiwan,1,1,1,1
mmViewProblem,16298: ABCSpeedup,aarthi01,20150109,20,50,India,1,1,1,1
mmViewProblem,16298: ABCSpeedup,abalacha,20150115,0,25,India,1,1,1,1
mmViewProblem,16298: ABCSpeedup,abhicmrit,20150126,10,48,India,1,1,1,1
mmViewProblem,16298: ABCSpeedup,abhijitpatil2,20150130,1,50,United Kingdom,1,1,1,1
mmViewProblem,16298: ABCSpeedup,acjock,20150120,12,48,India,1,1,1,1
mmViewProblem,16298: ABCSpeedup,aconlineuser,20150110,23,17,United States,1,1,1,1
mmViewProblem,16298: ABCSpeedup,afrhu,20150113,12,21,Colombia,1,1,1,1
mmViewProblem,16298: ABCSpeedup,afroze,20150113,14,3,India,1,1,1,1
mmViewProblem,16298: ABCSpeedup,agdenadel,20150117,1,35,United States,2,1,1,2
mmViewProblem,16298: ABCSpeedup,ahmed_sobhy,20150109,19,33,Egypt,1,1,1,1
mmViewProblem,16298: ABCSpeedup,ahmed_sobhy,20150112,20,29,Egypt,1,1,1,1
mmViewProblem,16298: ABCSpeedup,ahmed_sobhy,20150113,6,54,Egypt,1,1,1,1
mmViewProblem,16298: ABCSpeedup,ahmed_sobhy,20150113,8,50,Egypt,1,1,1,1
mmViewProblem,16298: ABCSpeedup,ahmed_sobhy,20150113,8,51,Egypt,2,1,0,0
mmViewProblem,16298: ABCSpeedup,ahmed_sobhy,20150113,8,52,Egypt,1,1,1,1
mmViewProblem,16298: ABCSpeedup,ahmed_sobhy,20150113,18,25,Egypt,1,1,1,1
mmViewProblem,16298: ABCSpeedup,ahoenig,20150114,17,40,United States,1,1,1,1
mmViewProblem,16298: ABCSpeedup,ahoenig,20150123,12,31,United States,1,1,1,1
mmViewProblem,16298: ABCSpeedup,ainu7,20150111,21,6,South Korea,1,1,1,1
mmViewProblem,16298: ABCSpeedup,ainu7,20150114,22,34,South Korea,1,1,0,0
mmViewProblem,16298: ABCSpeedup,aios,20150117,13,51,Kyrgyzstan,1,1,1,1
mmViewProblem,16298: ABCSpeedup,ajinadai,20150112,10,2,Japan,1,1,1,1
mmViewProblem,16298: ABCSpeedup,ajinadai,20150112,10,4,Japan,1,1,0,0
mmViewProblem,16298: ABCSpeedup,ajinadai,20150112,10,19,Japan,2,2,1,2
mmViewProblem,16298: ABCSpeedup,akonumboche,20150111,17,45,Canada,1,1,1,1
mmViewProblem,16298: ABCSpeedup,akshay.bhardwaj,20150115,13,26,India,1,1,1,1
mmViewProblem,16298: ABCSpeedup,alaudo,20150110,11,40,United States,1,1,1,1
mmViewProblem,16298: ABCSpeedup,alegro,20150110,9,5,Ukraine,1,1,0,0
mmViewProblem,16298: ABCSpeedup,alegro,20150111,19,40,Ukraine,1,1,0,0
mmViewProblem,16298: ABCSpeedup,alegro,20150113,6,51,Ukraine,1,1,0,0
mmViewProblem,16298: ABCSpeedup,alexcaruntu,20150112,9,31,Romania,1,1,1,1
mmViewProblem,16298: ABCSpeedup,alexhau,20150112,9,13,United Kingdom,1,1,1,1
mmViewProblem,16298: ABCSpeedup,alexpeptan,20150113,9,22,United Kingdom,1,1,1,1
mmViewProblem,16298: ABCSpeedup,alfiya_Zi,20150110,4,39,Russia,1,1,1,1
mmViewProblem,16298: ABCSpeedup,alfiya_Zi,20150110,4,53,Russia,1,1,0,0
mmViewProblem,16298: ABCSpeedup,alfiya_Zi,20150110,4,55,Russia,1,1,1,1
mmViewProblem,16298: ABCSpeedup,ali2000,20150117,0,20,Kazakhstan,1,1,1,1
mmViewProblem,16298: ABCSpeedup,aliceWHo,20150117,2,10,Taiwan,1,1,1,1
mmViewProblem,16298: ABCSpeedup,alko,20150201,5,15,Norway,1,1,1,1
mmViewProblem,16298: ABCSpeedup,always_learning,20150112,13,11,United States,1,1,0,0
mmViewProblem,16298: ABCSpeedup,always_learning,20150112,13,13,United States,1,1,0,0
mmViewProblem,16298: ABCSpeedup,always_learning,20150112,13,20,United States,1,1,0,0
mmViewProblem,16298: ABCSpeedup,always_learning,20150112,13,22,United States,4,2,2,2
mmViewProblem,16298: ABCSpeedup,always_learning,20150112,13,27,United States,1,1,1,1
mmViewProblem,16298: ABCSpeedup,always_learning,20150112,13,30,United States,1,1,0,0
mmViewProblem,16298: ABCSpeedup,amadityamishra1,20150117,13,49,India,1,1,1,1
mmViewProblem,16298: ABCSpeedup,amanforindia,20150115,10,15,India,1,1,1,1
mmViewProblem,16298: ABCSpeedup,amanforindia,20150115,10,16,India,1,1,0,0
mmViewProblem,16298: ABCSpeedup,amanforindia,20150115,10,17,India,1,1,0,0
mmViewProblem,16298: ABCSpeedup,ameyaapte,20150129,11,41,United States,1,1,1,1
mmViewProblem,16298: ABCSpeedup,aminemer,20150112,15,8,Algeria,1,1,1,1
mmViewProblem,16298: ABCSpeedup,aminemer,20150118,4,36,Algeria,1,1,1,1
mmViewProblem,16298: ABCSpeedup,amolsehgal,20150121,6,47,United States,1,1,1,1
mmViewProblem,16298: ABCSpeedup,amrit_anshu,20150114,8,9,India,1,1,1,1
mmViewProblem,16298: ABCSpeedup,amrit_anshu,20150114,8,37,India,1,1,1,1
mmViewProblem,16298: ABCSpeedup,amrit_anshu,20150114,8,41,India,1,1,1,1
mmViewProblem,16298: ABCSpeedup,amtamusic,20150109,17,46,United States,1,1,1,1
mmViewProblem,16298: ABCSpeedup,amurp,20150111,2,17,United States,1,1,1,1
mmViewProblem,16298: ABCSpeedup,amz3,20150110,11,26,France,1,1,1,1
mmViewProblem,16298: ABCSpeedup,anand8412,20150127,10,10,India,1,1,1,1
mmViewProblem,16298: ABCSpeedup,anandps90,20150125,17,54,United States,1,1,1,1
mmViewProblem,16298: ABCSpeedup,anandptl84,20150117,9,44,Canada,1,1,1,1
mmViewProblem,16298: ABCSpeedup,ananthhh,20150114,0,48,India,1,1,1,1
mmViewProblem,16298: ABCSpeedup,ananthhh,20150114,0,51,India,1,1,0,0
mmViewProblem,16298: ABCSpeedup,andrada,20150113,4,1,France,1,1,1,1
mmViewProblem,16298: ABCSpeedup,andrada,20150113,4,3,France,1,1,0,0
mmViewProblem,16298: ABCSpeedup,andresbejar1,20150120,15,12,Costa Rica,1,1,1,1
mmViewProblem,16298: ABCSpeedup,aneeshAK,20150202,6,15,India,1,1,1,1
mmViewProblem,16298: ABCSpeedup,aneeshAK,20150202,6,19,India,1,1,1,1
mmViewProblem,16298: ABCSpeedup,aneez.ahmed,20150112,6,2,Netherlands,2,1,1,2
mmViewProblem,16298: ABCSpeedup,aneez.ahmed,20150112,6,3,Netherlands,1,1,1,1
mmViewProblem,16298: ABCSpeedup,anik_sinha,20150117,23,14,United States,1,1,1,1
mmViewProblem,16298: ABCSpeedup,anirudhaA,20150112,22,36,India,1,1,1,1
mmViewProblem,16298: ABCSpeedup,ankit.sinha,20150114,5,26,India,1,1,1,1
mmViewProblem,16298: ABCSpeedup,ankit.sinha,20150114,9,4,India,1,1,1,1
mmViewProblem,16298: ABCSpeedup,ankit.sinha,20150114,9,9,India,1,1,0,0
mmViewProblem,16298: ABCSpeedup,ankur.a,20150112,9,10,India,1,1,1,1
mmViewProblem,16298: ABCSpeedup,anna24,20150115,2,57,Germany,1,1,1,1
mmViewProblem,16298: ABCSpeedup,anonymous,20150109,13,10,United States,1,1,0,0
mmViewProblem,16298: ABCSpeedup,anonymous,20150109,13,12,France,1,1,1,1
mmViewProblem,16298: ABCSpeedup,anonymous,20150109,13,12,United States,1,1,0,0
mmViewProblem,16298: ABCSpeedup,anonymous,20150109,13,14,France,1,1,1,1
mmViewProblem,16298: ABCSpeedup,anonymous,20150109,13,17,Italy,1,1,1,1
mmViewProblem,16298: ABCSpeedup,anonymous,20150109,13,18,Albania,1,1,0,0
mmViewProblem,16298: ABCSpeedup,anonymous,20150109,13,21,China,1,1,1,1
mmViewProblem,16298: ABCSpeedup,anonymous,20150109,13,22,China,1,1,0,0
mmViewProblem,16298: ABCSpeedup,anonymous,20150109,13,24,China,1,1,0,0
mmViewProblem,16298: ABCSpeedup,anonymous,20150109,13,26,China,1,1,1,1
mmViewProblem,16298: ABCSpeedup,anonymous,20150109,13,30,Brazil,1,1,0,0
mmViewProblem,16298: ABCSpeedup,anonymous,20150109,13,50,Italy,1,1,1,1
mmViewProblem,16298: ABCSpeedup,anonymous,20150109,13,54,France,1,1,1,1
mmViewProblem,16298: ABCSpeedup,anonymous,20150109,13,55,Switzerland,1,1,1,1
mmViewProblem,16298: ABCSpeedup,anonymous,20150109,13,56,France,1,1,0,0
mmViewProblem,16298: ABCSpeedup,anonymous,20150109,13,56,United States,1,1,1,1
mmViewProblem,16298: ABCSpeedup,anonymous,20150109,13,57,Switzerland,1,1,0,0
mmViewProblem,16298: ABCSpeedup,anonymous,20150109,13,57,United States,1,1,1,1
mmViewProblem,16298: ABCSpeedup,anonymous,20150109,13,58,United States,1,1,0,0
mmViewProblem,16298: ABCSpeedup,anonymous,20150109,14,11,Ukraine,1,1,1,1
mmViewProblem,16298: ABCSpeedup,anonymous,20150109,14,20,France,2,2,1,2
mmViewProblem,16298: ABCSpeedup,anonymous,20150109,14,20,Russia,1,1,1,1
mmViewProblem,16298: ABCSpeedup,anonymous,20150109,14,21,United States,1,1,1,1
mmViewProblem,16298: ABCSpeedup,anonymous,20150109,14,25,India,1,1,1,1
mmViewProblem,16298: ABCSpeedup,anonymous,20150109,14,25,United States,1,1,1,1
mmViewProblem,16298: ABCSpeedup,anonymous,20150109,14,26,France,1,1,0,0
mmViewProblem,16298: ABCSpeedup,anonymous,20150109,14,26,United States,1,1,1,1
mmViewProblem,16298: ABCSpeedup,anonymous,20150109,14,27,France,1,1,1,1
mmViewProblem,16298: ABCSpeedup,anonymous,20150109,14,28,France,1,1,0,0
mmViewProblem,16298: ABCSpeedup,anonymous,20150109,14,31,France,1,1,1,1
mmViewProblem,16298: ABCSpeedup,anonymous,20150109,14,33,France,1,1,1,1
mmViewProblem,16298: ABCSpeedup,anonymous,20150109,14,34,United States,1,1,0,0
mmViewProblem,16298: ABCSpeedup,anonymous,20150109,14,39,United States,1,1,1,1
mmViewProblem,16298: ABCSpeedup,anonymous,20150109,14,44,United States,1,1,0,0
mmViewProblem,16298: ABCSpeedup,anonymous,20150109,14,45,United States,1,1,1,1
mmViewProblem,16298: ABCSpeedup,anonymous,20150109,14,46,Armenia,1,1,1,1
mmViewProblem,16298: ABCSpeedup,anonymous,20150109,14,47,Armenia,1,1,1,1
mmViewProblem,16298: ABCSpeedup,anonymous,20150109,14,55,United States,2,1,0,0
mmViewProblem,16298: ABCSpeedup,anonymous,20150109,15,7,United States,1,1,0,0
mmViewProblem,16298: ABCSpeedup,anonymous,20150109,15,15,Morocco,1,1,1,1
mmViewProblem,16298: ABCSpeedup,anonymous,20150109,15,16,Australia,1,1,0,0
mmViewProblem,16298: ABCSpeedup,anonymous,20150109,15,18,Australia,1,1,0,0
mmViewProblem,16298: ABCSpeedup,anonymous,20150109,15,20,Australia,1,1,0,0
mmViewProblem,16298: ABCSpeedup,anonymous,20150109,15,20,Hungary,1,1,1,1
mmViewProblem,16298: ABCSpeedup,anonymous,20150109,15,22,Spain,1,1,1,1
mmViewProblem,16298: ABCSpeedup,anonymous,20150109,15,30,United States,1,1,0,0
mmViewProblem,16298: ABCSpeedup,anonymous,20150109,15,36,United States,1,1,1,1
mmViewProblem,16298: ABCSpeedup,anonymous,20150109,15,37,United States,1,1,0,0
mmViewProblem,16298: ABCSpeedup,anonymous,20150109,15,40,United States,1,1,1,1
mmViewProblem,16298: ABCSpeedup,anonymous,20150109,15,41,United States,1,1,0,0
mmViewProblem,16298: ABCSpeedup,anonymous,20150109,15,42,United States,1,1,1,1
mmViewProblem,16298: ABCSpeedup,anonymous,20150109,15,43,United States,1,1,1,1
mmViewProblem,16298: ABCSpeedup,anonymous,20150109,15,44,United Kingdom,1,1,1,1
mmViewProblem,16298: ABCSpeedup,anonymous,20150109,15,45,Sweden,1,1,1,1
mmViewProblem,16298: ABCSpeedup,anonymous,20150109,15,45,Yemen,1,1,1,1
mmViewProblem,16298: ABCSpeedup,anonymous,20150109,15,48,India,1,1,1,1
mmViewProblem,16298: ABCSpeedup,anonymous,20150109,15,50,Algeria,1,1,1,1
mmViewProblem,16298: ABCSpeedup,anonymous,20150109,15,50,United States,2,2,2,1
mmViewProblem,16298: ABCSpeedup,anonymous,20150109,15,51,France,1,1,1,1
mmViewProblem,16298: ABCSpeedup,anonymous,20150109,15,51,Yemen,1,1,0,0
mmViewProblem,16298: ABCSpeedup,anonymous,20150109,15,55,France,1,1,0,0
mmViewProblem,16298: ABCSpeedup,anonymous,20150109,15,56,Belgium,1,1,1,1
mmViewProblem,16298: ABCSpeedup,anonymous,20150109,15,57,France,1,1,1,1
mmViewProblem,16298: ABCSpeedup,anonymous,20150109,15,57,United States,1,1,1,1
mmViewProblem,16298: ABCSpeedup,anonymous,20150109,15,59,United Kingdom,1,1,1,1
mmViewProblem,16298: ABCSpeedup,anonymous,20150109,16,1,United States,1,1,1,1
mmViewProblem,16298: ABCSpeedup,anonymous,20150109,16,3,United States,1,1,1,1
mmViewProblem,16298: ABCSpeedup,anonymous,20150109,16,6,United States,1,1,1,1
mmViewProblem,16298: ABCSpeedup,anonymous,20150109,16,7,Czech Republic,1,1,1,1
mmViewProblem,16298: ABCSpeedup,anonymous,20150109,16,10,United States,1,1,1,1
mmViewProblem,16298: ABCSpeedup,anonymous,20150109,16,11,United States,1,1,1,1
mmViewProblem,16298: ABCSpeedup,anonymous,20150109,16,15,Netherlands,1,1,1,1
mmViewProblem,16298: ABCSpeedup,anonymous,20150109,16,17,United Kingdom,1,1,1,1
mmViewProblem,16298: ABCSpeedup,anonymous,20150109,16,17,United States,2,2,2,1
mmViewProblem,16298: ABCSpeedup,anonymous,20150109,16,18,United States,2,2,1,2
mmViewProblem,16298: ABCSpeedup,anonymous,20150109,16,21,Poland,1,1,1,1
mmViewProblem,16298: ABCSpeedup,anonymous,20150109,16,22,United States,1,1,1,1
mmViewProblem,16298: ABCSpeedup,anonymous,20150109,16,23,United States,1,1,1,1
mmViewProblem,16298: ABCSpeedup,anonymous,20150109,16,26,Algeria,1,1,1,1
mmViewProblem,16298: ABCSpeedup,anonymous,20150109,16,27,Poland,2,2,1,2
mmViewProblem,16298: ABCSpeedup,anonymous,20150109,16,28,United States,1,1,1,1
mmViewProblem,16298: ABCSpeedup,anonymous,20150109,16,29,Poland,1,1,1,1
mmViewProblem,16298: ABCSpeedup,anonymous,20150109,16,30,Japan,1,1,0,0
mmViewProblem,16298: ABCSpeedup,anonymous,20150109,16,30,Poland,2,1,1,2
mmViewProblem,16298: ABCSpeedup,anonymous,20150109,16,33,Poland,1,1,0,0
mmViewProblem,16298: ABCSpeedup,anonymous,20150109,16,35,United States,1,1,1,1
mmViewProblem,16298: ABCSpeedup,anonymous,20150109,16,46,Russia,1,1,1,1
mmViewProblem,16298: ABCSpeedup,anonymous,20150109,16,46,United States,1,1,1,1
mmViewProblem,16298: ABCSpeedup,anonymous,20150109,16,48,United States,1,1,1,1
mmViewProblem,16298: ABCSpeedup,anonymous,20150109,16,50,France,1,1,1,1
mmViewProblem,16298: ABCSpeedup,anonymous,20150109,16,51,France,1,1,1,1
mmViewProblem,16298: ABCSpeedup,anonymous,20150109,16,52,United States,1,1,1,1
mmViewProblem,16298: ABCSpeedup,anonymous,20150109,16,55,Russia,1,1,1,1
mmViewProblem,16298: ABCSpeedup,anonymous,20150109,16,56,France,1,1,0,0
mmViewProblem,16298: ABCSpeedup,anonymous,20150109,17,0,United States,1,1,0,0
mmViewProblem,16298: ABCSpeedup,anonymous,20150109,17,3,Australia,1,1,0,0
mmViewProblem,16298: ABCSpeedup,anonymous,20150109,17,6,Australia,1,1,0,0
mmViewProblem,16298: ABCSpeedup,anonymous,20150109,17,8,United Kingdom,1,1,1,1
mmViewProblem,16298: ABCSpeedup,anonymous,20150109,17,15,Canada,1,1,1,1
mmViewProblem,16298: ABCSpeedup,anonymous,20150109,17,15,United States,1,1,1,1
mmViewProblem,16298: ABCSpeedup,anonymous,20150109,17,17,United States,2,2,1,2
mmViewProblem,16298: ABCSpeedup,anonymous,20150109,17,20,United States,2,1,0,0
mmViewProblem,16298: ABCSpeedup,anonymous,20150109,17,21,United States,1,1,1,1
mmViewProblem,16298: ABCSpeedup,anonymous,20150109,17,23,United States,1,1,0,0
mmViewProblem,16298: ABCSpeedup,anonymous,20150109,17,25,United States,1,1,1,1
mmViewProblem,16298: ABCSpeedup,anonymous,20150109,17,27,Poland,1,1,1,1
mmViewProblem,16298: ABCSpeedup,anonymous,20150109,17,45,United Kingdom,1,1,1,1
mmViewProblem,16298: ABCSpeedup,anonymous,20150109,17,47,United States,1,1,1,1
mmViewProblem,16298: ABCSpeedup,anonymous,20150109,17,56,Turkey,1,1,1,1
mmViewProblem,16298: ABCSpeedup,anonymous,20150109,17,58,United States,2,1,0,0
mmViewProblem,16298: ABCSpeedup,anonymous,20150109,18,0,Russia,1,1,1,1
mmViewProblem,16298: ABCSpeedup,anonymous,20150109,18,2,United States,1,1,0,0
mmViewProblem,16298: ABCSpeedup,anonymous,20150109,18,5,Mexico,1,1,1,1
mmViewProblem,16298: ABCSpeedup,anonymous,20150109,18,14,Australia,1,1,1,1
mmViewProblem,16298: ABCSpeedup,anonymous,20150109,18,16,United States,1,1,1,1
mmViewProblem,16298: ABCSpeedup,anonymous,20150109,18,18,Poland,1,1,1,1
mmViewProblem,16298: ABCSpeedup,anonymous,20150109,18,21,Australia,1,1,0,0
mmViewProblem,16298: ABCSpeedup,anonymous,20150109,18,25,Poland,1,1,1,1
mmViewProblem,16298: ABCSpeedup,anonymous,20150109,18,28,United States,1,1,0,0
mmViewProblem,16298: ABCSpeedup,anonymous,20150109,18,29,United States,1,1,0,0
mmViewProblem,16298: ABCSpeedup,anonymous,20150109,18,31,United States,1,1,0,0
mmViewProblem,16298: ABCSpeedup,anonymous,20150109,18,33,Australia,1,1,1,1
mmViewProblem,16298: ABCSpeedup,anonymous,20150109,18,35,Australia,1,1,0,0
mmViewProblem,16298: ABCSpeedup,anonymous,20150109,18,37,United Kingdom,1,1,1,1
mmViewProblem,16298: ABCSpeedup,anonymous,20150109,18,44,Russia,1,1,1,1
mmViewProblem,16298: ABCSpeedup,anonymous,20150109,18,47,United States,1,1,1,1
mmViewProblem,16298: ABCSpeedup,anonymous,20150109,18,51,United States,1,1,1,1
mmViewProblem,16298: ABCSpeedup,anonymous,20150109,18,52,United States,2,2,1,2
mmViewProblem,16298: ABCSpeedup,anonymous,20150109,18,54,Australia,1,1,0,0
mmViewProblem,16298: ABCSpeedup,anonymous,20150109,19,1,United States,1,1,1,1
mmViewProblem,16298: ABCSpeedup,anonymous,20150109,19,2,Australia,1,1,0,0
mmViewProblem,16298: ABCSpeedup,anonymous,20150109,19,5,United States,1,1,1,1
mmViewProblem,16298: ABCSpeedup,anonymous,20150109,19,8,United States,1,1,1,1
mmViewProblem,16298: ABCSpeedup,anonymous,20150109,19,29,France,1,1,1,1
mmViewProblem,16298: ABCSpeedup,anonymous,20150109,19,29,Morocco,1,1,1,1
mmViewProblem,16298: ABCSpeedup,anonymous,20150109,19,31,Morocco,1,1,0,0
mmViewProblem,16298: ABCSpeedup,anonymous,20150109,19,33,Morocco,1,1,1,1
mmViewProblem,16298: ABCSpeedup,anonymous,20150109,19,33,New Zealand,1,1,1,1
mmViewProblem,16298: ABCSpeedup,anonymous,20150109,19,35,United States,2,2,2,1
mmViewProblem,16298: ABCSpeedup,anonymous,20150109,19,36,United States,1,1,0,0
mmViewProblem,16298: ABCSpeedup,anonymous,20150109,19,38,Morocco,1,1,1,1
mmViewProblem,16298: ABCSpeedup,anonymous,20150109,19,38,United States,1,1,1,1
mmViewProblem,16298: ABCSpeedup,anonymous,20150109,19,43,United States,1,1,1,1
mmViewProblem,16298: ABCSpeedup,anonymous,20150109,19,45,Morocco,1,1,1,1
mmViewProblem,16298: ABCSpeedup,anonymous,20150109,19,47,United States,1,1,1,1
mmViewProblem,16298: ABCSpeedup,anonymous,20150109,19,53,United States,1,1,1,1
mmViewProblem,16298: ABCSpeedup,anonymous,20150109,19,54,Japan,1,1,1,1
mmViewProblem,16298: ABCSpeedup,anonymous,20150109,19,59,Japan,1,1,1,1
mmViewProblem,16298: ABCSpeedup,anonymous,20150109,20,11,Mexico,1,1,1,1
mmViewProblem,16298: ABCSpeedup,anonymous,20150109,20,13,Bolivia,1,1,1,1
mmViewProblem,16298: ABCSpeedup,anonymous,20150109,20,19,France,1,1,1,1
mmViewProblem,16298: ABCSpeedup,anonymous,20150109,20,22,United States,1,1,1,1
mmViewProblem,16298: ABCSpeedup,anonymous,20150109,20,23,United States,1,1,0,0
mmViewProblem,16298: ABCSpeedup,anonymous,20150109,20,26,Bolivia,1,1,0,0
mmViewProblem,16298: ABCSpeedup,anonymous,20150109,20,29,Morocco,1,1,1,1
mmViewProblem,16298: ABCSpeedup,anonymous,20150109,20,36,United States,1,1,1,1
mmViewProblem,16298: ABCSpeedup,anonymous,20150109,20,42,India,1,1,1,1
mmViewProblem,16298: ABCSpeedup,anonymous,20150109,20,44,China,1,1,1,1
mmViewProblem,16298: ABCSpeedup,anonymous,20150109,20,44,United States,1,1,1,1
mmViewProblem,16298: ABCSpeedup,anonymous,20150109,20,47,Hungary,1,1,0,0
mmViewProblem,16298: ABCSpeedup,anonymous,20150109,20,49,Hungary,1,1,0,0
mmViewProblem,16298: ABCSpeedup,anonymous,20150109,20,50,Morocco,1,1,1,1
mmViewProblem,16298: ABCSpeedup,anonymous,20150109,20,54,Brazil,1,1,1,1
mmViewProblem,16298: ABCSpeedup,anonymous,20150109,20,55,Morocco,1,1,1,1
mmViewProblem,16298: ABCSpeedup,anonymous,20150109,20,58,Hungary,1,1,0,0
mmViewProblem,16298: ABCSpeedup,anonymous,20150109,20,59,Hungary,1,1,0,0
mmViewProblem,16298: ABCSpeedup,anonymous,20150109,21,10,Philippines,1,1,1,1
mmViewProblem,16298: ABCSpeedup,anonymous,20150109,21,11,United States,1,1,1,1
mmViewProblem,16298: ABCSpeedup,anonymous,20150109,21,12,United States,1,1,1,1
mmViewProblem,16298: ABCSpeedup,anonymous,20150109,21,13,United States,2,1,0,0
mmViewProblem,16298: ABCSpeedup,anonymous,20150109,21,14,United States,2,1,0,0
mmViewProblem,16298: ABCSpeedup,anonymous,20150109,21,15,United States,4,1,0,0
mmViewProblem,16298: ABCSpeedup,anonymous,20150109,21,19,Hungary,2,1,0,0
mmViewProblem,16298: ABCSpeedup,anonymous,20150109,21,22,United States,1,1,1,1
mmViewProblem,16298: ABCSpeedup,anonymous,20150109,21,23,Japan,2,1,1,2
mmViewProblem,16298: ABCSpeedup,anonymous,20150109,21,30,Australia,1,1,0,0
mmViewProblem,16298: ABCSpeedup,anonymous,20150109,21,31,United States,1,1,1,1
mmViewProblem,16298: ABCSpeedup,anonymous,20150109,21,33,Mexico,1,1,1,1
mmViewProblem,16298: ABCSpeedup,anonymous,20150109,21,34,Colombia,1,1,1,1
mmViewProblem,16298: ABCSpeedup,anonymous,20150109,21,34,United States,1,1,1,1
mmViewProblem,16298: ABCSpeedup,anonymous,20150109,21,36,Colombia,1,1,1,1
mmViewProblem,16298: ABCSpeedup,anonymous,20150109,21,37,United States,1,1,1,1
mmViewProblem,16298: ABCSpeedup,anonymous,20150109,21,39,United States,1,1,1,1
mmViewProblem,16298: ABCSpeedup,anonymous,20150109,21,43,Japan,1,1,0,0
mmViewProblem,16298: ABCSpeedup,anonymous,20150109,21,47,United States,1,1,1,1
mmViewProblem,16298: ABCSpeedup,anonymous,20150109,21,48,Mexico,1,1,1,1
mmViewProblem,16298: ABCSpeedup,anonymous,20150109,21,51,United States,1,1,1,1
mmViewProblem,16298: ABCSpeedup,anonymous,20150109,21,55,Austria,1,1,1,1
mmViewProblem,16298: ABCSpeedup,anonymous,20150109,21,55,United States,1,1,1,1
mmViewProblem,16298: ABCSpeedup,anonymous,20150109,21,57,United Kingdom,1,1,1,1
mmViewProblem,16298: ABCSpeedup,anonymous,20150109,21,59,India,1,1,1,1
mmViewProblem,16298: ABCSpeedup,anonymous,20150109,22,0,Romania,1,1,1,1
mmViewProblem,16298: ABCSpeedup,anonymous,20150109,22,1,India,1,1,1,1
mmViewProblem,16298: ABCSpeedup,anonymous,20150109,22,1,United States,1,1,0,0
mmViewProblem,16298: ABCSpeedup,anonymous,20150109,22,7,United States,1,1,1,1
mmViewProblem,16298: ABCSpeedup,anonymous,20150109,22,9,United States,1,1,1,1
mmViewProblem,16298: ABCSpeedup,anonymous,20150109,22,17,Australia,1,1,1,1
mmViewProblem,16298: ABCSpeedup,anonymous,20150109,22,26,United States,1,1,1,1
mmViewProblem,16298: ABCSpeedup,anonymous,20150109,22,28,United States,1,1,1,1
mmViewProblem,16298: ABCSpeedup,anonymous,20150109,22,30,South Korea,1,1,1,1
mmViewProblem,16298: ABCSpeedup,anonymous,20150109,22,41,United States,1,1,1,1
mmViewProblem,16298: ABCSpeedup,anonymous,20150109,22,43,United States,1,1,0,0
mmViewProblem,16298: ABCSpeedup,anonymous,20150109,22,45,United States,1,1,1,1
mmViewProblem,16298: ABCSpeedup,anonymous,20150109,22,46,India,1,1,1,1
mmViewProblem,16298: ABCSpeedup,anonymous,20150109,22,53,United States,1,1,1,1
mmViewProblem,16298: ABCSpeedup,anonymous,20150109,22,54,United States,1,1,0,0
mmViewProblem,16298: ABCSpeedup,anonymous,20150109,23,3,Japan,1,1,1,1
mmViewProblem,16298: ABCSpeedup,anonymous,20150109,23,4,India,1,1,1,1
mmViewProblem,16298: ABCSpeedup,anonymous,20150109,23,5,India,1,1,1,1
mmViewProblem,16298: ABCSpeedup,anonymous,20150109,23,11,India,1,1,1,1
mmViewProblem,16298: ABCSpeedup,anonymous,20150109,23,14,Sri Lanka,1,1,1,1
mmViewProblem,16298: ABCSpeedup,anonymous,20150109,23,15,Sri Lanka,1,1,0,0
mmViewProblem,16298: ABCSpeedup,anonymous,20150109,23,26,United States,1,1,1,1
mmViewProblem,16298: ABCSpeedup,anonymous,20150109,23,29,United States,1,1,1,1
mmViewProblem,16298: ABCSpeedup,anonymous,20150109,23,32,United States,1,1,0,0
mmViewProblem,16298: ABCSpeedup,anonymous,20150109,23,35,India,1,1,1,1
mmViewProblem,16298: ABCSpeedup,anonymous,20150109,23,42,India,1,1,1,1
mmViewProblem,16298: ABCSpeedup,anonymous,20150109,23,45,United States,1,1,0,0
mmViewProblem,16298: ABCSpeedup,anonymous,20150109,23,47,Saudi Arabia,1,1,1,1
mmViewProblem,16298: ABCSpeedup,anonymous,20150109,23,48,Canada,1,1,1,1
mmViewProblem,16298: ABCSpeedup,anonymous,20150109,23,53,United States,4,4,4,1
mmViewProblem,16298: ABCSpeedup,anonymous,20150109,23,54,India,1,1,1,1
mmViewProblem,16298: ABCSpeedup,anonymous,20150110,0,8,Australia,2,1,1,2
mmViewProblem,16298: ABCSpeedup,anonymous,20150110,0,16,Ukraine,1,1,1,1
mmViewProblem,16298: ABCSpeedup,anonymous,20150110,0,29,United States,1,1,1,1
mmViewProblem,16298: ABCSpeedup,anonymous,20150110,0,45,United Arab Emirates,1,1,1,1
mmViewProblem,16298: ABCSpeedup,anonymous,20150110,0,52,Saudi Arabia,1,1,1,1
mmViewProblem,16298: ABCSpeedup,anonymous,20150110,0,54,India,1,1,1,1
mmViewProblem,16298: ABCSpeedup,anonymous,20150110,1,0,China,1,1,1,1
mmViewProblem,16298: ABCSpeedup,anonymous,20150110,1,1,United States,1,1,1,1
mmViewProblem,16298: ABCSpeedup,anonymous,20150110,1,4,United States,1,1,1,1
mmViewProblem,16298: ABCSpeedup,anonymous,20150110,1,7,United States,2,1,1,2
mmViewProblem,16298: ABCSpeedup,anonymous,20150110,1,11,United States,1,1,0,0
mmViewProblem,16298: ABCSpeedup,anonymous,20150110,1,15,United States,1,1,0,0
mmViewProblem,16298: ABCSpeedup,anonymous,20150110,1,17,India,1,1,1,1
mmViewProblem,16298: ABCSpeedup,anonymous,20150110,1,18,India,1,1,1,1
mmViewProblem,16298: ABCSpeedup,anonymous,20150110,1,20,United States,4,2,1,4
mmViewProblem,16298: ABCSpeedup,anonymous,20150110,1,23,United States,2,1,1,2
mmViewProblem,16298: ABCSpeedup,anonymous,20150110,1,33,India,1,1,1,1
mmViewProblem,16298: ABCSpeedup,anonymous,20150110,1,35,United States,2,2,2,1
mmViewProblem,16298: ABCSpeedup,anonymous,20150110,1,40,Bulgaria,1,1,1,1
mmViewProblem,16298: ABCSpeedup,anonymous,20150110,2,6,Bulgaria,1,1,1,1
mmViewProblem,16298: ABCSpeedup,anonymous,20150110,2,6,India,1,1,1,1
mmViewProblem,16298: ABCSpeedup,anonymous,20150110,2,12,Russia,1,1,1,1
mmViewProblem,16298: ABCSpeedup,anonymous,20150110,2,22,Japan,1,1,1,1
mmViewProblem,16298: ABCSpeedup,anonymous,20150110,2,24,India,1,1,1,1
mmViewProblem,16298: ABCSpeedup,anonymous,20150110,2,26,India,1,1,1,1
mmViewProblem,16298: ABCSpeedup,anonymous,20150110,2,27,India,1,1,0,0
mmViewProblem,16298: ABCSpeedup,anonymous,20150110,2,31,Jordan,1,1,1,1
mmViewProblem,16298: ABCSpeedup,anonymous,20150110,2,34,Italy,1,1,1,1
mmViewProblem,16298: ABCSpeedup,anonymous,20150110,2,35,Japan,1,1,0,0
mmViewProblem,16298: ABCSpeedup,anonymous,20150110,2,40,Poland,1,1,1,1
mmViewProblem,16298: ABCSpeedup,anonymous,20150110,2,46,United Arab Emirates,1,1,1,1
mmViewProblem,16298: ABCSpeedup,anonymous,20150110,3,1,India,1,1,1,1
mmViewProblem,16298: ABCSpeedup,anonymous,20150110,3,3,United States,2,1,1,2
mmViewProblem,16298: ABCSpeedup,anonymous,20150110,3,6,India,1,1,1,1
mmViewProblem,16298: ABCSpeedup,anonymous,20150110,3,7,United States,1,1,1,1
mmViewProblem,16298: ABCSpeedup,anonymous,20150110,3,10,United States,1,1,0,0
mmViewProblem,16298: ABCSpeedup,anonymous,20150110,3,12,Denmark,1,1,1,1
mmViewProblem,16298: ABCSpeedup,anonymous,20150110,3,13,Belarus,1,1,1,1
mmViewProblem,16298: ABCSpeedup,anonymous,20150110,3,15,United States,1,1,1,1
mmViewProblem,16298: ABCSpeedup,anonymous,20150110,3,18,India,1,1,1,1
mmViewProblem,16298: ABCSpeedup,anonymous,20150110,3,18,Slovenia,1,1,1,1
mmViewProblem,16298: ABCSpeedup,anonymous,20150110,3,18,Vietnam,1,1,1,1
mmViewProblem,16298: ABCSpeedup,anonymous,20150110,3,26,Romania,1,1,1,1
mmViewProblem,16298: ABCSpeedup,anonymous,20150110,3,34,India,1,1,1,1
mmViewProblem,16298: ABCSpeedup,anonymous,20150110,3,57,Singapore,1,1,1,1
mmViewProblem,16298: ABCSpeedup,anonymous,20150110,4,1,India,1,1,1,1
mmViewProblem,16298: ABCSpeedup,anonymous,20150110,4,10,Australia,1,1,0,0
mmViewProblem,16298: ABCSpeedup,anonymous,20150110,4,12,Australia,1,1,0,0
mmViewProblem,16298: ABCSpeedup,anonymous,20150110,4,13,India,1,1,1,1
mmViewProblem,16298: ABCSpeedup,anonymous,20150110,4,18,India,1,1,1,1
mmViewProblem,16298: ABCSpeedup,anonymous,20150110,4,31,Russia,1,1,1,1
mmViewProblem,16298: ABCSpeedup,anonymous,20150110,4,38,Poland,1,1,1,1
mmViewProblem,16298: ABCSpeedup,anonymous,20150110,4,42,India,1,1,1,1
mmViewProblem,16298: ABCSpeedup,anonymous,20150110,4,45,Singapore,2,1,1,2
mmViewProblem,16298: ABCSpeedup,anonymous,20150110,4,48,India,1,1,0,0
mmViewProblem,16298: ABCSpeedup,anonymous,20150110,4,50,Pakistan,1,1,1,1
mmViewProblem,16298: ABCSpeedup,anonymous,20150110,4,54,Singapore,1,1,1,1
mmViewProblem,16298: ABCSpeedup,anonymous,20150110,4,55,Turkey,1,1,1,1
mmViewProblem,16298: ABCSpeedup,anonymous,20150110,4,56,Hungary,1,1,1,1
mmViewProblem,16298: ABCSpeedup,anonymous,20150110,4,58,Singapore,1,1,1,1
mmViewProblem,16298: ABCSpeedup,anonymous,20150110,5,3,Singapore,1,1,0,0
mmViewProblem,16298: ABCSpeedup,anonymous,20150110,5,18,Singapore,2,1,0,0
mmViewProblem,16298: ABCSpeedup,anonymous,20150110,5,19,Singapore,2,1,0,0
mmViewProblem,16298: ABCSpeedup,anonymous,20150110,5,28,India,1,1,1,1
mmViewProblem,16298: ABCSpeedup,anonymous,20150110,5,33,Singapore,1,1,1,1
mmViewProblem,16298: ABCSpeedup,anonymous,20150110,5,35,Singapore,1,1,0,0
mmViewProblem,16298: ABCSpeedup,anonymous,20150110,5,36,India,1,1,1,1
mmViewProblem,16298: ABCSpeedup,anonymous,20150110,5,43,Hungary,1,1,1,1
mmViewProblem,16298: ABCSpeedup,anonymous,20150110,5,47,China,1,1,1,1
mmViewProblem,16298: ABCSpeedup,anonymous,20150110,5,49,Poland,1,1,1,1
mmViewProblem,16298: ABCSpeedup,anonymous,20150110,5,54,South Korea,1,1,1,1
mmViewProblem,16298: ABCSpeedup,anonymous,20150110,5,59,Japan,1,1,1,1
mmViewProblem,16298: ABCSpeedup,anonymous,20150110,6,26,India,1,1,1,1
mmViewProblem,16298: ABCSpeedup,anonymous,20150110,6,26,Portugal,1,1,1,1
mmViewProblem,16298: ABCSpeedup,anonymous,20150110,6,32,Portugal,1,1,1,1
mmViewProblem,16298: ABCSpeedup,anonymous,20150110,6,37,India,1,1,1,1
mmViewProblem,16298: ABCSpeedup,anonymous,20150110,6,40,Singapore,2,1,0,0
mmViewProblem,16298: ABCSpeedup,anonymous,20150110,6,41,Singapore,2,2,1,2
mmViewProblem,16298: ABCSpeedup,anonymous,20150110,6,46,India,1,1,1,1
mmViewProblem,16298: ABCSpeedup,anonymous,20150110,6,55,Ukraine,1,1,0,0
mmViewProblem,16298: ABCSpeedup,anonymous,20150110,7,0,India,1,1,1,1
mmViewProblem,16298: ABCSpeedup,anonymous,20150110,7,1,Singapore,1,1,0,0
mmViewProblem,16298: ABCSpeedup,anonymous,20150110,7,11,Sri Lanka,1,1,1,1
mmViewProblem,16298: ABCSpeedup,anonymous,20150110,7,17,Greece,1,1,1,1
mmViewProblem,16298: ABCSpeedup,anonymous,20150110,7,20,Poland,1,1,1,1
mmViewProblem,16298: ABCSpeedup,anonymous,20150110,7,21,Poland,1,1,1,1
mmViewProblem,16298: ABCSpeedup,anonymous,20150110,7,25,Poland,1,1,0,0
mmViewProblem,16298: ABCSpeedup,anonymous,20150110,7,26,India,1,1,1,1
mmViewProblem,16298: ABCSpeedup,anonymous,20150110,7,28,Spain,1,1,1,1
mmViewProblem,16298: ABCSpeedup,anonymous,20150110,7,34,Romania,1,1,0,0
mmViewProblem,16298: ABCSpeedup,anonymous,20150110,7,34,Switzerland,1,1,1,1
mmViewProblem,16298: ABCSpeedup,anonymous,20150110,7,37,Turkey,1,1,1,1
mmViewProblem,16298: ABCSpeedup,anonymous,20150110,7,37,Ukraine,1,1,0,0
mmViewProblem,16298: ABCSpeedup,anonymous,20150110,7,43,United Kingdom,1,1,1,1
mmViewProblem,16298: ABCSpeedup,anonymous,20150110,7,45,Romania,1,1,1,1
mmViewProblem,16298: ABCSpeedup,anonymous,20150110,7,51,Australia,1,1,1,1
mmViewProblem,16298: ABCSpeedup,anonymous,20150110,7,52,Poland,1,1,0,0
mmViewProblem,16298: ABCSpeedup,anonymous,20150110,8,2,Luxembourg,1,1,1,1
mmViewProblem,16298: ABCSpeedup,anonymous,20150110,8,6,Norway,1,1,1,1
mmViewProblem,16298: ABCSpeedup,anonymous,20150110,8,6,Poland,1,1,1,1
mmViewProblem,16298: ABCSpeedup,anonymous,20150110,8,7,Poland,1,1,0,0
mmViewProblem,16298: ABCSpeedup,anonymous,20150110,8,15,Finland,1,1,1,1
mmViewProblem,16298: ABCSpeedup,anonymous,20150110,8,26,India,1,1,1,1
mmViewProblem,16298: ABCSpeedup,anonymous,20150110,8,29,India,1,1,1,1
mmViewProblem,16298: ABCSpeedup,anonymous,20150110,8,31,Spain,1,1,0,0
mmViewProblem,16298: ABCSpeedup,anonymous,20150110,8,31,United Kingdom,1,1,1,1
mmViewProblem,16298: ABCSpeedup,anonymous,20150110,8,32,Netherlands,1,1,1,1
mmViewProblem,16298: ABCSpeedup,anonymous,20150110,8,33,India,1,1,1,1
mmViewProblem,16298: ABCSpeedup,anonymous,20150110,8,33,Russia,1,1,1,1
mmViewProblem,16298: ABCSpeedup,anonymous,20150110,8,40,China,1,1,1,1
mmViewProblem,16298: ABCSpeedup,anonymous,20150110,8,49,Bulgaria,1,1,1,1
mmViewProblem,16298: ABCSpeedup,anonymous,20150110,8,49,Japan,1,1,0,0
mmViewProblem,16298: ABCSpeedup,anonymous,20150110,8,58,Japan,2,1,1,2
mmViewProblem,16298: ABCSpeedup,anonymous,20150110,9,0,Germany,1,1,1,1
mmViewProblem,16298: ABCSpeedup,anonymous,20150110,9,0,United Kingdom,1,1,1,1
mmViewProblem,16298: ABCSpeedup,anonymous,20150110,9,13,United States,1,1,1,1
mmViewProblem,16298: ABCSpeedup,anonymous,20150110,9,14,Norway,1,1,1,1
mmViewProblem,16298: ABCSpeedup,anonymous,20150110,9,19,United States,1,1,1,1
mmViewProblem,16298: ABCSpeedup,anonymous,20150110,9,24,Bulgaria,1,1,0,0
mmViewProblem,16298: ABCSpeedup,anonymous,20150110,9,30,United States,1,1,1,1
mmViewProblem,16298: ABCSpeedup,anonymous,20150110,9,35,France,1,1,1,1
mmViewProblem,16298: ABCSpeedup,anonymous,20150110,9,39,France,2,1,1,2
mmViewProblem,16298: ABCSpeedup,anonymous,20150110,9,42,Germany,2,1,1,2
mmViewProblem,16298: ABCSpeedup,anonymous,20150110,9,43,Germany,2,1,0,0
mmViewProblem,16298: ABCSpeedup,anonymous,20150110,9,45,United Kingdom,1,1,1,1
mmViewProblem,16298: ABCSpeedup,anonymous,20150110,9,48,France,1,1,1,1
mmViewProblem,16298: ABCSpeedup,anonymous,20150110,9,51,China,1,1,1,1
mmViewProblem,16298: ABCSpeedup,anonymous,20150110,9,54,Kenya,1,1,1,1
mmViewProblem,16298: ABCSpeedup,anonymous,20150110,10,2,Germany,1,1,1,1
mmViewProblem,16298: ABCSpeedup,anonymous,20150110,10,3,Germany,1,1,0,0
mmViewProblem,16298: ABCSpeedup,anonymous,20150110,10,3,India,1,1,1,1
mmViewProblem,16298: ABCSpeedup,anonymous,20150110,10,11,India,1,1,1,1
mmViewProblem,16298: ABCSpeedup,anonymous,20150110,10,11,Lithuania,1,1,1,1
mmViewProblem,16298: ABCSpeedup,anonymous,20150110,10,20,Ukraine,1,1,0,0
mmViewProblem,16298: ABCSpeedup,anonymous,20150110,10,21,India,1,1,1,1
mmViewProblem,16298: ABCSpeedup,anonymous,20150110,10,22,India,1,1,0,0
mmViewProblem,16298: ABCSpeedup,anonymous,20150110,10,23,India,1,1,0,0
mmViewProblem,16298: ABCSpeedup,anonymous,20150110,10,23,Ukraine,1,1,0,0
mmViewProblem,16298: ABCSpeedup,anonymous,20150110,10,27,Germany,1,1,1,1
mmViewProblem,16298: ABCSpeedup,anonymous,20150110,10,29,Nigeria,2,1,1,2
mmViewProblem,16298: ABCSpeedup,anonymous,20150110,10,31,Nigeria,1,1,1,1
mmViewProblem,16298: ABCSpeedup,anonymous,20150110,10,41,Ukraine,1,1,0,0
mmViewProblem,16298: ABCSpeedup,anonymous,20150110,10,42,Israel,1,1,1,1
mmViewProblem,16298: ABCSpeedup,anonymous,20150110,10,44,United States,1,1,0,0
mmViewProblem,16298: ABCSpeedup,anonymous,20150110,10,46,India,1,1,1,1
mmViewProblem,16298: ABCSpeedup,anonymous,20150110,10,48,Nigeria,1,1,0,0
mmViewProblem,16298: ABCSpeedup,anonymous,20150110,10,52,United States,1,1,1,1
mmViewProblem,16298: ABCSpeedup,anonymous,20150110,11,12,Germany,1,1,1,1
mmViewProblem,16298: ABCSpeedup,anonymous,20150110,11,12,Sweden,1,1,0,0
mmViewProblem,16298: ABCSpeedup,anonymous,20150110,11,16,United States,1,1,1,1
mmViewProblem,16298: ABCSpeedup,anonymous,20150110,11,30,Finland,1,1,1,1
mmViewProblem,16298: ABCSpeedup,anonymous,20150110,11,31,Canada,1,1,0,0
mmViewProblem,16298: ABCSpeedup,anonymous,20150110,11,33,France,1,1,1,1
mmViewProblem,16298: ABCSpeedup,anonymous,20150110,11,34,India,1,1,1,1
mmViewProblem,16298: ABCSpeedup,anonymous,20150110,11,39,United States,1,1,1,1
mmViewProblem,16298: ABCSpeedup,anonymous,20150110,11,41,Poland,1,1,1,1
mmViewProblem,16298: ABCSpeedup,anonymous,20150110,11,54,Czech Republic,1,1,1,1
mmViewProblem,16298: ABCSpeedup,anonymous,20150110,11,59,Czech Republic,1,1,1,1
mmViewProblem,16298: ABCSpeedup,anonymous,20150110,12,1,Poland,1,1,0,0
mmViewProblem,16298: ABCSpeedup,anonymous,20150110,12,2,Poland,1,1,0,0
mmViewProblem,16298: ABCSpeedup,anonymous,20150110,12,17,Hungary,1,1,1,1
mmViewProblem,16298: ABCSpeedup,anonymous,20150110,12,25,Hungary,1,1,0,0
mmViewProblem,16298: ABCSpeedup,anonymous,20150110,12,27,Israel,1,1,1,1
mmViewProblem,16298: ABCSpeedup,anonymous,20150110,12,28,United States,1,1,1,1
mmViewProblem,16298: ABCSpeedup,anonymous,20150110,12,37,United Kingdom,1,1,1,1
mmViewProblem,16298: ABCSpeedup,anonymous,20150110,12,41,South Korea,1,1,1,1
mmViewProblem,16298: ABCSpeedup,anonymous,20150110,12,41,Ukraine,1,1,1,1
mmViewProblem,16298: ABCSpeedup,anonymous,20150110,12,45,Japan,1,1,1,1
mmViewProblem,16298: ABCSpeedup,anonymous,20150110,12,47,United Kingdom,1,1,1,1
mmViewProblem,16298: ABCSpeedup,anonymous,20150110,12,49,Japan,1,1,1,1
mmViewProblem,16298: ABCSpeedup,anonymous,20150110,12,50,Japan,2,1,1,2
mmViewProblem,16298: ABCSpeedup,anonymous,20150110,12,51,Germany,1,1,1,1
mmViewProblem,16298: ABCSpeedup,anonymous,20150110,12,52,Japan,1,1,1,1
mmViewProblem,16298: ABCSpeedup,anonymous,20150110,12,57,United States,1,1,1,1
mmViewProblem,16298: ABCSpeedup,anonymous,20150110,12,58,Germany,1,1,1,1
mmViewProblem,16298: ABCSpeedup,anonymous,20150110,12,58,Japan,1,1,1,1
mmViewProblem,16298: ABCSpeedup,anonymous,20150110,13,11,China,1,1,1,1
mmViewProblem,16298: ABCSpeedup,anonymous,20150110,13,11,United States,1,1,1,1
mmViewProblem,16298: ABCSpeedup,anonymous,20150110,13,12,Colombia,1,1,1,1
mmViewProblem,16298: ABCSpeedup,anonymous,20150110,13,12,Japan,1,1,1,1
mmViewProblem,16298: ABCSpeedup,anonymous,20150110,13,14,Colombia,2,1,0,0
mmViewProblem,16298: ABCSpeedup,anonymous,20150110,13,14,India,1,1,1,1
mmViewProblem,16298: ABCSpeedup,anonymous,20150110,13,19,India,1,1,1,1
mmViewProblem,16298: ABCSpeedup,anonymous,20150110,13,20,India,1,1,1,1
mmViewProblem,16298: ABCSpeedup,anonymous,20150110,13,24,Japan,1,1,1,1
mmViewProblem,16298: ABCSpeedup,anonymous,20150110,13,25,Philippines,1,1,1,1
mmViewProblem,16298: ABCSpeedup,anonymous,20150110,13,26,Germany,1,1,0,0
mmViewProblem,16298: ABCSpeedup,anonymous,20150110,13,27,India,1,1,0,0
mmViewProblem,16298: ABCSpeedup,anonymous,20150110,13,28,Germany,1,1,0,0
mmViewProblem,16298: ABCSpeedup,anonymous,20150110,13,30,India,1,1,0,0
mmViewProblem,16298: ABCSpeedup,anonymous,20150110,13,31,India,1,1,0,0
mmViewProblem,16298: ABCSpeedup,anonymous,20150110,13,35,Germany,1,1,1,1
mmViewProblem,16298: ABCSpeedup,anonymous,20150110,13,35,United States,1,1,1,1
mmViewProblem,16298: ABCSpeedup,anonymous,20150110,13,37,Egypt,1,1,1,1
mmViewProblem,16298: ABCSpeedup,anonymous,20150110,13,38,Egypt,1,1,0,0
mmViewProblem,16298: ABCSpeedup,anonymous,20150110,13,40,Germany,1,1,0,0
mmViewProblem,16298: ABCSpeedup,anonymous,20150110,13,52,United States,1,1,1,1
mmViewProblem,16298: ABCSpeedup,anonymous,20150110,14,2,United States,1,1,1,1
mmViewProblem,16298: ABCSpeedup,anonymous,20150110,14,9,United States,1,1,1,1
mmViewProblem,16298: ABCSpeedup,anonymous,20150110,14,14,Sri Lanka,1,1,0,0
mmViewProblem,16298: ABCSpeedup,anonymous,20150110,14,16,Spain,1,1,1,1
mmViewProblem,16298: ABCSpeedup,anonymous,20150110,14,16,United States,1,1,0,0
mmViewProblem,16298: ABCSpeedup,anonymous,20150110,14,18,Sri Lanka,1,1,0,0
mmViewProblem,16298: ABCSpeedup,anonymous,20150110,14,20,United States,1,1,1,1
mmViewProblem,16298: ABCSpeedup,anonymous,20150110,14,21,Denmark,1,1,1,1
mmViewProblem,16298: ABCSpeedup,anonymous,20150110,14,21,Germany,1,1,1,1
mmViewProblem,16298: ABCSpeedup,anonymous,20150110,14,26,Sri Lanka,1,1,0,0
mmViewProblem,16298: ABCSpeedup,anonymous,20150110,14,29,United States,1,1,1,1
mmViewProblem,16298: ABCSpeedup,anonymous,20150110,14,34,Sri Lanka,1,1,0,0
mmViewProblem,16298: ABCSpeedup,anonymous,20150110,14,36,Sri Lanka,1,1,0,0
mmViewProblem,16298: ABCSpeedup,anonymous,20150110,14,36,United States,1,1,1,1
mmViewProblem,16298: ABCSpeedup,anonymous,20150110,14,45,Canada,1,1,1,1
mmViewProblem,16298: ABCSpeedup,anonymous,20150110,14,46,Sri Lanka,1,1,1,1
mmViewProblem,16298: ABCSpeedup,anonymous,20150110,14,48,Sri Lanka,1,1,0,0
mmViewProblem,16298: ABCSpeedup,anonymous,20150110,15,0,Germany,1,1,1,1
mmViewProblem,16298: ABCSpeedup,anonymous,20150110,15,3,France,1,1,1,1
mmViewProblem,16298: ABCSpeedup,anonymous,20150110,15,3,Germany,2,1,1,2
mmViewProblem,16298: ABCSpeedup,anonymous,20150110,15,4,United States,1,1,1,1
mmViewProblem,16298: ABCSpeedup,anonymous,20150110,15,13,Sweden,1,1,1,1
mmViewProblem,16298: ABCSpeedup,anonymous,20150110,15,15,India,1,1,1,1
mmViewProblem,16298: ABCSpeedup,anonymous,20150110,15,37,Japan,1,1,1,1
mmViewProblem,16298: ABCSpeedup,anonymous,20150110,15,42,United States,1,1,0,0
mmViewProblem,16298: ABCSpeedup,anonymous,20150110,15,46,India,1,1,1,1
mmViewProblem,16298: ABCSpeedup,anonymous,20150110,15,46,United States,2,1,1,2
mmViewProblem,16298: ABCSpeedup,anonymous,20150110,15,49,United States,2,1,1,2
mmViewProblem,16298: ABCSpeedup,anonymous,20150110,15,53,Denmark,1,1,1,1
mmViewProblem,16298: ABCSpeedup,anonymous,20150110,16,2,India,1,1,1,1
mmViewProblem,16298: ABCSpeedup,anonymous,20150110,16,14,Czech Republic,1,1,1,1
mmViewProblem,16298: ABCSpeedup,anonymous,20150110,16,20,Czech Republic,2,2,2,1
mmViewProblem,16298: ABCSpeedup,anonymous,20150110,16,23,Singapore,1,1,1,1
mmViewProblem,16298: ABCSpeedup,anonymous,20150110,16,24,Czech Republic,1,1,1,1
mmViewProblem,16298: ABCSpeedup,anonymous,20150110,16,26,Slovakia,1,1,1,1
mmViewProblem,16298: ABCSpeedup,anonymous,20150110,16,27,Poland,1,1,1,1
mmViewProblem,16298: ABCSpeedup,anonymous,20150110,16,29,Pakistan,1,1,1,1
mmViewProblem,16298: ABCSpeedup,anonymous,20150110,16,30,India,1,1,1,1
mmViewProblem,16298: ABCSpeedup,anonymous,20150110,16,42,United States,1,1,1,1
mmViewProblem,16298: ABCSpeedup,anonymous,20150110,16,44,United States,1,1,1,1
mmViewProblem,16298: ABCSpeedup,anonymous,20150110,16,48,United States,1,1,1,1
mmViewProblem,16298: ABCSpeedup,anonymous,20150110,16,49,United States,1,1,1,1
mmViewProblem,16298: ABCSpeedup,anonymous,20150110,16,50,Slovakia,2,1,1,2
mmViewProblem,16298: ABCSpeedup,anonymous,20150110,16,51,United States,1,1,1,1
mmViewProblem,16298: ABCSpeedup,anonymous,20150110,16,52,United States,1,1,1,1
mmViewProblem,16298: ABCSpeedup,anonymous,20150110,16,58,United States,1,1,1,1
mmViewProblem,16298: ABCSpeedup,anonymous,20150110,16,59,Czech Republic,1,1,1,1
mmViewProblem,16298: ABCSpeedup,anonymous,20150110,17,0,United States,1,1,0,0
mmViewProblem,16298: ABCSpeedup,anonymous,20150110,17,4,United States,1,1,1,1
mmViewProblem,16298: ABCSpeedup,anonymous,20150110,17,13,Czech Republic,1,1,1,1
mmViewProblem,16298: ABCSpeedup,anonymous,20150110,17,19,Czech Republic,1,1,1,1
mmViewProblem,16298: ABCSpeedup,anonymous,20150110,17,24,Czech Republic,1,1,1,1
mmViewProblem,16298: ABCSpeedup,anonymous,20150110,17,33,Hungary,1,1,1,1
mmViewProblem,16298: ABCSpeedup,anonymous,20150110,17,38,Czech Republic,1,1,1,1
mmViewProblem,16298: ABCSpeedup,anonymous,20150110,17,51,Lithuania,1,1,1,1
mmViewProblem,16298: ABCSpeedup,anonymous,20150110,18,1,Serbia,1,1,0,0
mmViewProblem,16298: ABCSpeedup,anonymous,20150110,18,2,Czech Republic,1,1,1,1
mmViewProblem,16298: ABCSpeedup,anonymous,20150110,18,8,United Kingdom,1,1,1,1
mmViewProblem,16298: ABCSpeedup,anonymous,20150110,18,9,Czech Republic,1,1,1,1
mmViewProblem,16298: ABCSpeedup,anonymous,20150110,18,9,United Kingdom,1,1,1,1
mmViewProblem,16298: ABCSpeedup,anonymous,20150110,18,10,Czech Republic,1,1,0,0
mmViewProblem,16298: ABCSpeedup,anonymous,20150110,18,10,Ukraine,1,1,0,0
mmViewProblem,16298: ABCSpeedup,anonymous,20150110,18,10,United Kingdom,1,1,1,1
mmViewProblem,16298: ABCSpeedup,anonymous,20150110,18,11,United Kingdom,1,1,1,1
mmViewProblem,16298: ABCSpeedup,anonymous,20150110,18,13,United Kingdom,1,1,1,1
mmViewProblem,16298: ABCSpeedup,anonymous,20150110,18,16,Czech Republic,2,2,2,1
mmViewProblem,16298: ABCSpeedup,anonymous,20150110,18,16,Ukraine,1,1,0,0
mmViewProblem,16298: ABCSpeedup,anonymous,20150110,18,17,Italy,1,1,1,1
mmViewProblem,16298: ABCSpeedup,anonymous,20150110,18,17,Netherlands,1,1,1,1
mmViewProblem,16298: ABCSpeedup,anonymous,20150110,18,17,Ukraine,2,2,0,0
mmViewProblem,16298: ABCSpeedup,anonymous,20150110,18,18,United States,1,1,1,1
mmViewProblem,16298: ABCSpeedup,anonymous,20150110,18,25,Russia,1,1,1,1
mmViewProblem,16298: ABCSpeedup,anonymous,20150110,18,25,Ukraine,1,1,0,0
mmViewProblem,16298: ABCSpeedup,anonymous,20150110,18,27,Ukraine,1,1,1,1
mmViewProblem,16298: ABCSpeedup,anonymous,20150110,18,28,Ukraine,4,2,0,0
mmViewProblem,16298: ABCSpeedup,anonymous,20150110,18,35,Czech Republic,1,1,1,1
mmViewProblem,16298: ABCSpeedup,anonymous,20150110,18,40,Russia,1,1,1,1
mmViewProblem,16298: ABCSpeedup,anonymous,20150110,18,47,Belarus,1,1,1,1
mmViewProblem,16298: ABCSpeedup,anonymous,20150110,18,49,United States,1,1,1,1
mmViewProblem,16298: ABCSpeedup,anonymous,20150110,18,50,Ukraine,1,1,0,0
mmViewProblem,16298: ABCSpeedup,anonymous,20150110,18,56,United States,1,1,1,1
mmViewProblem,16298: ABCSpeedup,anonymous,20150110,19,4,United States,1,1,0,0
mmViewProblem,16298: ABCSpeedup,anonymous,20150110,19,18,Brazil,1,1,1,1
mmViewProblem,16298: ABCSpeedup,anonymous,20150110,19,26,United States,1,1,1,1
mmViewProblem,16298: ABCSpeedup,anonymous,20150110,19,33,United States,1,1,1,1
mmViewProblem,16298: ABCSpeedup,anonymous,20150110,19,34,Slovakia,1,1,1,1
mmViewProblem,16298: ABCSpeedup,anonymous,20150110,19,42,Czech Republic,1,1,1,1
mmViewProblem,16298: ABCSpeedup,anonymous,20150110,20,2,India,1,1,1,1
mmViewProblem,16298: ABCSpeedup,anonymous,20150110,20,5,India,1,1,1,1
mmViewProblem,16298: ABCSpeedup,anonymous,20150110,20,13,United States,2,1,1,2
mmViewProblem,16298: ABCSpeedup,anonymous,20150110,20,40,Japan,1,1,1,1
mmViewProblem,16298: ABCSpeedup,anonymous,20150110,20,41,Japan,1,1,0,0
mmViewProblem,16298: ABCSpeedup,anonymous,20150110,20,41,United States,1,1,1,1
mmViewProblem,16298: ABCSpeedup,anonymous,20150110,20,45,United States,1,1,1,1
mmViewProblem,16298: ABCSpeedup,anonymous,20150110,21,0,Czech Republic,1,1,1,1
mmViewProblem,16298: ABCSpeedup,anonymous,20150110,21,23,United States,1,1,1,1
mmViewProblem,16298: ABCSpeedup,anonymous,20150110,21,30,China,2,1,1,2
mmViewProblem,16298: ABCSpeedup,anonymous,20150110,21,34,United States,1,1,1,1
mmViewProblem,16298: ABCSpeedup,anonymous,20150110,21,35,United States,1,1,1,1
mmViewProblem,16298: ABCSpeedup,anonymous,20150110,21,38,United States,1,1,1,1
mmViewProblem,16298: ABCSpeedup,anonymous,20150110,21,45,United States,1,1,0,0
mmViewProblem,16298: ABCSpeedup,anonymous,20150110,21,48,United States,1,1,1,1
mmViewProblem,16298: ABCSpeedup,anonymous,20150110,21,53,United Kingdom,1,1,0,0
mmViewProblem,16298: ABCSpeedup,anonymous,20150110,22,7,Australia,1,1,1,1
mmViewProblem,16298: ABCSpeedup,anonymous,20150110,22,12,United States,1,1,1,1
mmViewProblem,16298: ABCSpeedup,anonymous,20150110,22,13,United States,1,1,1,1
mmViewProblem,16298: ABCSpeedup,anonymous,20150110,22,44,Saudi Arabia,1,1,1,1
mmViewProblem,16298: ABCSpeedup,anonymous,20150110,22,48,United States,1,1,1,1
mmViewProblem,16298: ABCSpeedup,anonymous,20150110,22,58,India,1,1,1,1
mmViewProblem,16298: ABCSpeedup,anonymous,20150110,23,2,United States,1,1,1,1
mmViewProblem,16298: ABCSpeedup,anonymous,20150110,23,6,Japan,1,1,1,1
mmViewProblem,16298: ABCSpeedup,anonymous,20150110,23,7,Singapore,1,1,1,1
mmViewProblem,16298: ABCSpeedup,anonymous,20150110,23,10,United States,1,1,1,1
mmViewProblem,16298: ABCSpeedup,anonymous,20150110,23,19,Singapore,1,1,0,0
mmViewProblem,16298: ABCSpeedup,anonymous,20150110,23,21,Ukraine,1,1,0,0
mmViewProblem,16298: ABCSpeedup,anonymous,20150110,23,33,United States,1,1,1,1
mmViewProblem,16298: ABCSpeedup,anonymous,20150110,23,48,Bangladesh,1,1,1,1
mmViewProblem,16298: ABCSpeedup,anonymous,20150110,23,50,Turkey,1,1,1,1
mmViewProblem,16298: ABCSpeedup,anonymous,20150110,23,52,United States,1,1,1,1
mmViewProblem,16298: ABCSpeedup,anonymous,20150110,23,55,Canada,1,1,1,1
mmViewProblem,16298: ABCSpeedup,anonymous,20150110,23,57,Bangladesh,1,1,0,0
mmViewProblem,16298: ABCSpeedup,anonymous,20150110,23,58,United States,1,1,1,1
mmViewProblem,16298: ABCSpeedup,anonymous,20150110,23,59,United States,1,1,0,0
mmViewProblem,16298: ABCSpeedup,anonymous,20150111,0,0,United States,1,1,1,1
mmViewProblem,16298: ABCSpeedup,anonymous,20150111,0,26,Japan,1,1,1,1
mmViewProblem,16298: ABCSpeedup,anonymous,20150111,0,26,United States,1,1,1,1
mmViewProblem,16298: ABCSpeedup,anonymous,20150111,0,41,Singapore,1,1,1,1
mmViewProblem,16298: ABCSpeedup,anonymous,20150111,0,45,China,1,1,1,1
mmViewProblem,16298: ABCSpeedup,anonymous,20150111,0,57,United States,1,1,1,1
mmViewProblem,16298: ABCSpeedup,anonymous,20150111,1,10,Japan,1,1,0,0
mmViewProblem,16298: ABCSpeedup,anonymous,20150111,1,12,Japan,1,1,1,1
mmViewProblem,16298: ABCSpeedup,anonymous,20150111,1,44,India,1,1,1,1
mmViewProblem,16298: ABCSpeedup,anonymous,20150111,1,49,United States,1,1,1,1
mmViewProblem,16298: ABCSpeedup,anonymous,20150111,1,53,Brazil,1,1,0,0
mmViewProblem,16298: ABCSpeedup,anonymous,20150111,1,57,Brazil,1,1,0,0
mmViewProblem,16298: ABCSpeedup,anonymous,20150111,1,58,India,1,1,1,1
mmViewProblem,16298: ABCSpeedup,anonymous,20150111,2,7,China,1,1,1,1
mmViewProblem,16298: ABCSpeedup,anonymous,20150111,2,16,Czech Republic,1,1,1,1
mmViewProblem,16298: ABCSpeedup,anonymous,20150111,2,20,Bangladesh,1,1,0,0
mmViewProblem,16298: ABCSpeedup,anonymous,20150111,2,25,United States,1,1,1,1
mmViewProblem,16298: ABCSpeedup,anonymous,20150111,2,26,India,1,1,1,1
mmViewProblem,16298: ABCSpeedup,anonymous,20150111,2,34,Czech Republic,1,1,1,1
mmViewProblem,16298: ABCSpeedup,anonymous,20150111,2,34,United States,1,1,1,1
mmViewProblem,16298: ABCSpeedup,anonymous,20150111,2,35,United States,1,1,0,0
mmViewProblem,16298: ABCSpeedup,anonymous,20150111,2,39,China,1,1,1,1
mmViewProblem,16298: ABCSpeedup,anonymous,20150111,2,43,Germany,1,1,1,1
mmViewProblem,16298: ABCSpeedup,anonymous,20150111,2,46,United States,1,1,1,1
mmViewProblem,16298: ABCSpeedup,anonymous,20150111,3,12,Indonesia,1,1,1,1
mmViewProblem,16298: ABCSpeedup,anonymous,20150111,3,17,Germany,1,1,1,1
mmViewProblem,16298: ABCSpeedup,anonymous,20150111,3,18,United States,1,1,1,1
mmViewProblem,16298: ABCSpeedup,anonymous,20150111,3,33,Egypt,1,1,1,1
mmViewProblem,16298: ABCSpeedup,anonymous,20150111,3,53,United States,1,1,0,0
mmViewProblem,16298: ABCSpeedup,anonymous,20150111,3,55,Czech Republic,1,1,1,1
mmViewProblem,16298: ABCSpeedup,anonymous,20150111,4,6,United States,1,1,0,0
mmViewProblem,16298: ABCSpeedup,anonymous,20150111,4,12,United States,2,2,1,2
mmViewProblem,16298: ABCSpeedup,anonymous,20150111,4,15,United States,1,1,1,1
mmViewProblem,16298: ABCSpeedup,anonymous,20150111,4,20,France,1,1,1,1
mmViewProblem,16298: ABCSpeedup,anonymous,20150111,4,21,France,2,1,0,0
mmViewProblem,16298: ABCSpeedup,anonymous,20150111,4,22,France,1,1,1,1
mmViewProblem,16298: ABCSpeedup,anonymous,20150111,4,22,Sweden,1,1,1,1
mmViewProblem,16298: ABCSpeedup,anonymous,20150111,4,50,India,1,1,1,1
mmViewProblem,16298: ABCSpeedup,anonymous,20150111,4,54,Czech Republic,1,1,1,1
mmViewProblem,16298: ABCSpeedup,anonymous,20150111,4,55,Australia,1,1,1,1
mmViewProblem,16298: ABCSpeedup,anonymous,20150111,4,56,Bulgaria,1,1,1,1
mmViewProblem,16298: ABCSpeedup,anonymous,20150111,4,57,Germany,1,1,0,0
mmViewProblem,16298: ABCSpeedup,anonymous,20150111,5,1,United States,1,1,1,1
mmViewProblem,16298: ABCSpeedup,anonymous,20150111,5,2,Germany,1,1,0,0
mmViewProblem,16298: ABCSpeedup,anonymous,20150111,5,19,Germany,1,1,1,1
mmViewProblem,16298: ABCSpeedup,anonymous,20150111,5,20,Russia,1,1,1,1
mmViewProblem,16298: ABCSpeedup,anonymous,20150111,5,27,France,1,1,0,0
mmViewProblem,16298: ABCSpeedup,anonymous,20150111,6,1,Germany,2,1,1,2
mmViewProblem,16298: ABCSpeedup,anonymous,20150111,6,4,Russia,1,1,0,0
mmViewProblem,16298: ABCSpeedup,anonymous,20150111,6,7,China,1,1,1,1
mmViewProblem,16298: ABCSpeedup,anonymous,20150111,6,11,United States,1,1,1,1
mmViewProblem,16298: ABCSpeedup,anonymous,20150111,6,12,Japan,1,1,0,0
mmViewProblem,16298: ABCSpeedup,anonymous,20150111,6,12,Russia,1,1,0,0
mmViewProblem,16298: ABCSpeedup,anonymous,20150111,6,13,United States,1,1,0,0
mmViewProblem,16298: ABCSpeedup,anonymous,20150111,6,18,Bulgaria,1,1,0,0
mmViewProblem,16298: ABCSpeedup,anonymous,20150111,6,46,Switzerland,1,1,1,1
mmViewProblem,16298: ABCSpeedup,anonymous,20150111,6,49,Russia,1,1,1,1
mmViewProblem,16298: ABCSpeedup,anonymous,20150111,6,49,South Korea,1,1,1,1
mmViewProblem,16298: ABCSpeedup,anonymous,20150111,7,0,United Arab Emirates,1,1,1,1
mmViewProblem,16298: ABCSpeedup,anonymous,20150111,7,5,Poland,1,1,1,1
mmViewProblem,16298: ABCSpeedup,anonymous,20150111,7,17,Czech Republic,1,1,1,1
mmViewProblem,16298: ABCSpeedup,anonymous,20150111,7,19,Poland,1,1,1,1
mmViewProblem,16298: ABCSpeedup,anonymous,20150111,7,24,United States,1,1,1,1
mmViewProblem,16298: ABCSpeedup,anonymous,20150111,7,36,Ireland,1,1,1,1
mmViewProblem,16298: ABCSpeedup,anonymous,20150111,7,46,United States,1,1,0,0
mmViewProblem,16298: ABCSpeedup,anonymous,20150111,7,57,United States,1,1,1,1
mmViewProblem,16298: ABCSpeedup,anonymous,20150111,8,12,United Kingdom,1,1,1,1
mmViewProblem,16298: ABCSpeedup,anonymous,20150111,8,13,United Kingdom,1,1,0,0
mmViewProblem,16298: ABCSpeedup,anonymous,20150111,8,18,India,1,1,1,1
mmViewProblem,16298: ABCSpeedup,anonymous,20150111,8,20,United States,1,1,1,1
mmViewProblem,16298: ABCSpeedup,anonymous,20150111,8,36,India,1,1,0,0
mmViewProblem,16298: ABCSpeedup,anonymous,20150111,8,42,Spain,1,1,1,1
mmViewProblem,16298: ABCSpeedup,anonymous,20150111,8,42,United States,1,1,1,1
mmViewProblem,16298: ABCSpeedup,anonymous,20150111,8,51,Sri Lanka,1,1,1,1
mmViewProblem,16298: ABCSpeedup,anonymous,20150111,8,56,China,1,1,1,1
mmViewProblem,16298: ABCSpeedup,anonymous,20150111,8,59,Greece,1,1,1,1
mmViewProblem,16298: ABCSpeedup,anonymous,20150111,9,18,Singapore,1,1,1,1
mmViewProblem,16298: ABCSpeedup,anonymous,20150111,9,26,India,1,1,1,1
mmViewProblem,16298: ABCSpeedup,anonymous,20150111,9,35,Egypt,1,1,1,1
mmViewProblem,16298: ABCSpeedup,anonymous,20150111,9,41,India,1,1,1,1
mmViewProblem,16298: ABCSpeedup,anonymous,20150111,9,47,Egypt,1,1,1,1
mmViewProblem,16298: ABCSpeedup,anonymous,20150111,9,50,Egypt,1,1,0,0
mmViewProblem,16298: ABCSpeedup,anonymous,20150111,9,50,Poland,1,1,1,1
mmViewProblem,16298: ABCSpeedup,anonymous,20150111,9,52,Indonesia,1,1,1,1
mmViewProblem,16298: ABCSpeedup,anonymous,20150111,9,53,India,1,1,1,1
mmViewProblem,16298: ABCSpeedup,anonymous,20150111,9,56,Egypt,1,1,1,1
mmViewProblem,16298: ABCSpeedup,anonymous,20150111,10,15,Czech Republic,1,1,1,1
mmViewProblem,16298: ABCSpeedup,anonymous,20150111,10,15,Japan,1,1,1,1
mmViewProblem,16298: ABCSpeedup,anonymous,20150111,10,17,Germany,1,1,1,1
mmViewProblem,16298: ABCSpeedup,anonymous,20150111,10,17,United States,1,1,1,1
mmViewProblem,16298: ABCSpeedup,anonymous,20150111,10,19,Norway,1,1,1,1
mmViewProblem,16298: ABCSpeedup,anonymous,20150111,10,23,Czech Republic,1,1,1,1
mmViewProblem,16298: ABCSpeedup,anonymous,20150111,10,33,India,1,1,1,1
mmViewProblem,16298: ABCSpeedup,anonymous,20150111,10,37,India,1,1,1,1
mmViewProblem,16298: ABCSpeedup,anonymous,20150111,10,39,China,1,1,1,1
mmViewProblem,16298: ABCSpeedup,anonymous,20150111,10,42,United Kingdom,1,1,0,0
mmViewProblem,16298: ABCSpeedup,anonymous,20150111,10,50,United Kingdom,1,1,1,1
mmViewProblem,16298: ABCSpeedup,anonymous,20150111,10,58,Russia,2,1,0,0
mmViewProblem,16298: ABCSpeedup,anonymous,20150111,10,59,France,1,1,1,1
mmViewProblem,16298: ABCSpeedup,anonymous,20150111,11,0,India,1,1,1,1
mmViewProblem,16298: ABCSpeedup,anonymous,20150111,11,6,Canada,1,1,1,1
mmViewProblem,16298: ABCSpeedup,anonymous,20150111,11,8,United States,1,1,1,1
mmViewProblem,16298: ABCSpeedup,anonymous,20150111,11,24,Poland,1,1,1,1
mmViewProblem,16298: ABCSpeedup,anonymous,20150111,11,30,France,1,1,1,1
mmViewProblem,16298: ABCSpeedup,anonymous,20150111,11,31,United Kingdom,1,1,1,1
mmViewProblem,16298: ABCSpeedup,anonymous,20150111,11,35,Iran,1,1,1,1
mmViewProblem,16298: ABCSpeedup,anonymous,20150111,11,47,Taiwan,1,1,0,0
mmViewProblem,16298: ABCSpeedup,anonymous,20150111,11,50,Taiwan,1,1,0,0
mmViewProblem,16298: ABCSpeedup,anonymous,20150111,11,57,Belarus,1,1,1,1
mmViewProblem,16298: ABCSpeedup,anonymous,20150111,12,9,United States,1,1,1,1
mmViewProblem,16298: ABCSpeedup,anonymous,20150111,12,10,France,1,1,0,0
mmViewProblem,16298: ABCSpeedup,anonymous,20150111,12,12,Czech Republic,1,1,1,1
mmViewProblem,16298: ABCSpeedup,anonymous,20150111,12,13,United States,1,1,1,1
mmViewProblem,16298: ABCSpeedup,anonymous,20150111,12,14,United States,1,1,0,0
mmViewProblem,16298: ABCSpeedup,anonymous,20150111,12,17,United States,1,1,1,1
mmViewProblem,16298: ABCSpeedup,anonymous,20150111,12,24,United States,1,1,0,0
mmViewProblem,16298: ABCSpeedup,anonymous,20150111,12,42,China,2,1,1,2
mmViewProblem,16298: ABCSpeedup,anonymous,20150111,12,44,Romania,1,1,1,1
mmViewProblem,16298: ABCSpeedup,anonymous,20150111,12,46,Romania,1,1,1,1
mmViewProblem,16298: ABCSpeedup,anonymous,20150111,12,49,Sri Lanka,1,1,0,0
mmViewProblem,16298: ABCSpeedup,anonymous,20150111,12,50,China,1,1,0,0
mmViewProblem,16298: ABCSpeedup,anonymous,20150111,12,50,Russia,1,1,1,1
mmViewProblem,16298: ABCSpeedup,anonymous,20150111,12,51,Romania,1,1,0,0
mmViewProblem,16298: ABCSpeedup,anonymous,20150111,12,54,Romania,1,1,0,0
mmViewProblem,16298: ABCSpeedup,anonymous,20150111,12,54,Taiwan,1,1,1,1
mmViewProblem,16298: ABCSpeedup,anonymous,20150111,12,54,United Kingdom,1,1,1,1
mmViewProblem,16298: ABCSpeedup,anonymous,20150111,13,0,Taiwan,1,1,0,0
mmViewProblem,16298: ABCSpeedup,anonymous,20150111,13,6,United States,1,1,1,1
mmViewProblem,16298: ABCSpeedup,anonymous,20150111,13,7,United States,1,1,1,1
mmViewProblem,16298: ABCSpeedup,anonymous,20150111,13,8,Austria,1,1,1,1
mmViewProblem,16298: ABCSpeedup,anonymous,20150111,13,23,Bangladesh,1,1,1,1
mmViewProblem,16298: ABCSpeedup,anonymous,20150111,13,40,Spain,1,1,1,1
mmViewProblem,16298: ABCSpeedup,anonymous,20150111,13,43,Spain,1,1,0,0
mmViewProblem,16298: ABCSpeedup,anonymous,20150111,13,44,India,1,1,1,1
mmViewProblem,16298: ABCSpeedup,anonymous,20150111,13,46,Spain,1,1,1,1
mmViewProblem,16298: ABCSpeedup,anonymous,20150111,13,48,Spain,1,1,0,0
mmViewProblem,16298: ABCSpeedup,anonymous,20150111,13,58,Romania,1,1,1,1
mmViewProblem,16298: ABCSpeedup,anonymous,20150111,14,13,Germany,1,1,1,1
mmViewProblem,16298: ABCSpeedup,anonymous,20150111,14,16,United States,1,1,1,1
mmViewProblem,16298: ABCSpeedup,anonymous,20150111,14,23,Russia,1,1,1,1
mmViewProblem,16298: ABCSpeedup,anonymous,20150111,14,29,Zimbabwe,1,1,0,0
mmViewProblem,16298: ABCSpeedup,anonymous,20150111,14,32,Czech Republic,1,1,1,1
mmViewProblem,16298: ABCSpeedup,anonymous,20150111,14,32,Russia,1,1,1,1
mmViewProblem,16298: ABCSpeedup,anonymous,20150111,14,33,United States,2,1,1,2
mmViewProblem,16298: ABCSpeedup,anonymous,20150111,14,38,United States,2,1,0,0
mmViewProblem,16298: ABCSpeedup,anonymous,20150111,14,42,United States,1,1,0,0
mmViewProblem,16298: ABCSpeedup,anonymous,20150111,14,43,United States,1,1,1,1
mmViewProblem,16298: ABCSpeedup,anonymous,20150111,14,49,India,1,1,1,1
mmViewProblem,16298: ABCSpeedup,anonymous,20150111,14,55,Germany,1,1,1,1
mmViewProblem,16298: ABCSpeedup,anonymous,20150111,14,57,Germany,1,1,1,1
mmViewProblem,16298: ABCSpeedup,anonymous,20150111,14,58,United States,1,1,0,0
mmViewProblem,16298: ABCSpeedup,anonymous,20150111,15,1,Algeria,1,1,1,1
mmViewProblem,16298: ABCSpeedup,anonymous,20150111,15,3,India,2,2,2,1
mmDownload,existing algorithms.7z,16298,20150108,13,37,United States,1,1,1,1
mmDownload,existing algorithms.7z,16298,20150108,13,53,United States,1,1,1,1
mmDownload,existing algorithms.7z,Arunraja,20150113,12,27,India,1,1,1,1
mmDownload,existing algorithms.7z,BlakeWL,20150114,1,35,Hong Kong,1,1,1,1
mmDownload,existing algorithms.7z,Burakbb,20150111,0,9,Turkey,1,1,1,1
mmDownload,existing algorithms.7z,Gr3Ch,20150109,14,56,Georgia,1,1,1,1
mmDownload,existing algorithms.7z,JackKnife,20150113,14,23,United States,1,1,1,1
mmDownload,existing algorithms.7z,JacoCronje,20150116,2,35,South Africa,1,1,1,1
mmDownload,existing algorithms.7z,JayLo,20150113,12,18,United States,1,1,1,1
mmDownload,existing algorithms.7z,KudaChinyemba,20150112,6,54,South Africa,1,1,1,1
mmDownload,existing algorithms.7z,LLcoolNJ,20150113,15,0,India,1,1,1,1
mmDownload,existing algorithms.7z,MizzzViolet,20150118,5,36,Ireland,1,1,1,1
mmDownload,existing algorithms.7z,Mloody2000,20150112,16,34,France,1,1,0,0
mmDownload,existing algorithms.7z,Mloody2000,20150112,16,35,France,1,1,0,0
mmDownload,existing algorithms.7z,Mousecage,20150110,16,36,United States,1,1,1,1
mmDownload,existing algorithms.7z,OvisAries,20150113,23,53,Taiwan,2,1,1,2
mmDownload,existing algorithms.7z,Pena,20150110,8,37,Finland,1,1,1,1
mmDownload,existing algorithms.7z,Peter.Jahn,20150110,12,31,Hungary,1,1,1,1
mmDownload,existing algorithms.7z,Ragewing,20150114,14,34,Ukraine,1,1,1,1
mmDownload,existing algorithms.7z,Rajpurohit,20150117,5,30,India,1,1,1,1
mmDownload,existing algorithms.7z,SPChoria,20150113,5,47,Romania,1,1,1,1
mmDownload,existing algorithms.7z,Sean.Moran,20150112,14,36,United Kingdom,1,1,1,1
mmDownload,existing algorithms.7z,Sirna,20150115,13,13,India,2,1,1,2
mmDownload,existing algorithms.7z,T_12,20150114,9,11,Russia,1,1,1,1
mmDownload,existing algorithms.7z,TahaMahmoud,20150111,16,9,Egypt,1,1,0,0
mmDownload,existing algorithms.7z,Thunderstorm33,20150113,9,36,Poland,1,1,1,1
mmDownload,existing algorithms.7z,TonyJ,20150108,13,59,United States,1,1,0,0
mmDownload,existing algorithms.7z,Vikas.Dhochak,20150117,8,58,India,1,1,1,1
mmDownload,existing algorithms.7z,Vincent.Lam,20150112,16,33,Canada,1,1,0,0
mmDownload,existing algorithms.7z,Zandri,20150112,2,29,Germany,1,1,1,1
mmDownload,existing algorithms.7z,_INVICTUS,20150117,13,59,Canada,1,1,1,1
mmDownload,existing algorithms.7z,_sushant_rathor,20150115,11,58,India,4,1,1,4
mmDownload,existing algorithms.7z,_sushant_rathor,20150115,12,0,India,1,1,0,0
mmDownload,existing algorithms.7z,_sushant_rathor,20150115,12,2,India,1,1,0,0
mmDownload,existing algorithms.7z,_sushant_rathor,20150115,12,22,India,1,1,0,0
mmDownload,existing algorithms.7z,acjock,20150120,12,48,India,1,1,1,1
mmDownload,existing algorithms.7z,ajinadai,20150112,10,19,Japan,1,1,1,1
mmDownload,existing algorithms.7z,alexhau,20150112,13,2,United Kingdom,1,1,1,1
mmDownload,existing algorithms.7z,alfiya_Zi,20150110,4,58,Russia,1,1,1,1
mmDownload,existing algorithms.7z,aminemer,20150112,15,9,Algeria,1,1,1,1
mmDownload,existing algorithms.7z,arshad01,20150111,20,8,Singapore,1,1,1,1
mmDownload,existing algorithms.7z,atetubou,20150111,1,11,Japan,1,1,1,1
mmDownload,existing algorithms.7z,aymanahkh,20150113,7,16,Egypt,1,1,1,1
mmDownload,existing algorithms.7z,bachynskiy,20150116,8,7,Germany,1,1,1,1
mmDownload,existing algorithms.7z,brawner,20150111,19,34,United States,1,1,1,1
mmDownload,existing algorithms.7z,cemaivaz,20150114,20,39,Turkey,1,1,1,1
mmDownload,existing algorithms.7z,coldfish,20150115,11,8,South Korea,1,1,1,1
mmDownload,existing algorithms.7z,coldfish,20150118,4,51,South Korea,1,1,1,1
mmDownload,existing algorithms.7z,dchoudh1986,20150117,15,28,United States,1,1,1,1
mmDownload,existing algorithms.7z,doraemonok,20150109,17,16,United States,2,1,1,2
mmDownload,existing algorithms.7z,doraemonok,20150113,3,41,China,1,1,0,0
mmDownload,existing algorithms.7z,dpesevski,20150111,9,17,Macedonia (FYROM),1,1,1,1
mmDownload,existing algorithms.7z,eldidou,20150110,5,21,France,1,1,1,1
mmDownload,existing algorithms.7z,eldidou,20150110,5,22,France,1,1,0,0
mmDownload,existing algorithms.7z,falconet.zz,20150112,3,13,South Korea,1,1,1,1
mmDownload,existing algorithms.7z,feynman_canon,20150112,11,18,United States,1,1,1,1
mmDownload,existing algorithms.7z,feynman_canon,20150112,11,29,United States,1,1,1,1
mmDownload,existing algorithms.7z,gsgovindporsa,20150111,10,56,India,2,1,1,2
mmDownload,existing algorithms.7z,igraphic,20150113,10,56,Saudi Arabia,1,1,1,1
mmDownload,existing algorithms.7z,josephl3000,20150110,20,40,United States,1,1,1,1
mmDownload,existing algorithms.7z,juanchristo,20150115,7,30,Netherlands,1,1,1,1
mmDownload,existing algorithms.7z,kevinwern,20150112,14,18,United States,1,1,1,1
mmDownload,existing algorithms.7z,kevinwern,20150112,14,20,United States,1,1,0,0
mmDownload,existing algorithms.7z,kym1201,20150116,5,46,Japan,1,1,1,1
mmDownload,existing algorithms.7z,kym1201,20150116,5,47,Japan,1,1,0,0
mmDownload,existing algorithms.7z,lejosne,20150112,16,21,Switzerland,1,1,0,0
mmDownload,existing algorithms.7z,logicmachine,20150110,12,53,Japan,1,1,0,0
mmDownload,existing algorithms.7z,logicmachine,20150112,0,20,Japan,1,1,1,1
mmDownload,existing algorithms.7z,mapierce271,20150113,11,39,United States,1,1,1,1
mmDownload,existing algorithms.7z,mgi,20150115,15,50,Romania,1,1,0,0
mmDownload,existing algorithms.7z,morojenoe,20150110,1,7,Russia,1,1,1,1
mmDownload,existing algorithms.7z,morojenoe,20150110,1,28,Russia,1,1,0,0
mmDownload,existing algorithms.7z,neel007,20150112,8,49,India,1,1,1,1
mmDownload,existing algorithms.7z,nroxana,20150114,17,12,Romania,1,1,1,1
mmDownload,existing algorithms.7z,paansingh,20150111,14,3,United States,1,1,1,1
mmDownload,existing algorithms.7z,pacu,20150115,22,5,United States,1,1,1,1
mmDownload,existing algorithms.7z,petroos,20150111,0,47,Canada,1,1,1,1
mmDownload,existing algorithms.7z,pfilippi,20150111,3,13,Germany,1,1,1,1
mmDownload,existing algorithms.7z,poletaev,20150113,12,54,Russia,1,1,1,1
mmDownload,existing algorithms.7z,pparys,20150113,23,44,Poland,1,1,1,1
mmDownload,existing algorithms.7z,prakush24,20150109,15,50,India,1,1,1,1
mmDownload,existing algorithms.7z,quazlyy,20150112,13,53,Switzerland,1,1,1,1
mmDownload,existing algorithms.7z,quillass,20150112,14,57,France,1,1,1,1
mmDownload,existing algorithms.7z,raphaelwcosta,20150116,10,39,Brazil,1,1,1,1
mmDownload,existing algorithms.7z,restricteur,20150112,17,21,Morocco,1,1,1,1
mmDownload,existing algorithms.7z,rjaffk,20150114,3,43,Belarus,1,1,1,1
mmDownload,existing algorithms.7z,rk2900,20150111,2,15,China,1,1,1,1
mmDownload,existing algorithms.7z,rmoncayo,20150110,23,47,United States,1,1,1,1
mmDownload,existing algorithms.7z,rreimche,20150110,17,0,Germany,1,1,1,1
mmDownload,existing algorithms.7z,rsial2,20150108,14,28,United States,1,1,1,1
mmDownload,existing algorithms.7z,rubz,20150112,17,26,Belgium,1,1,1,1
mmDownload,existing algorithms.7z,ryoyuki,20150120,11,43,Japan,1,1,1,1
mmDownload,existing algorithms.7z,sabagy,20150111,6,2,Israel,1,1,1,1
mmDownload,existing algorithms.7z,sabagy,20150111,6,47,Israel,1,1,1,1
mmDownload,existing algorithms.7z,sabagy,20150111,13,8,Israel,1,1,1,1
mmDownload,existing algorithms.7z,sachith500,20150109,14,40,Australia,1,1,1,1
mmDownload,existing algorithms.7z,saimechanical,20150114,15,1,United States,1,1,1,1
mmDownload,existing algorithms.7z,semihbasrik,20150115,11,59,Turkey,1,1,1,1
mmDownload,existing algorithms.7z,sergen1976,20150109,13,42,United States,1,1,1,1
mmDownload,existing algorithms.7z,siri93,20150113,11,21,India,1,1,1,1
mmDownload,existing algorithms.7z,stallion4earth,20150115,11,56,India,1,1,1,1
mmDownload,existing algorithms.7z,stanisic.boris,20150113,4,37,Croatia,1,1,1,1
mmDownload,existing algorithms.7z,stanisic.boris,20150113,4,38,Croatia,1,1,0,0
mmDownload,existing algorithms.7z,subham_pasari,20150115,10,6,India,1,1,1,1
mmDownload,existing algorithms.7z,sunhong,20150113,17,44,United States,1,1,1,1
mmDownload,existing algorithms.7z,superwills,20150112,11,4,Canada,1,1,1,1
mmDownload,existing algorithms.7z,urupica,20150113,9,2,Bolivia,1,1,1,1
mmDownload,existing algorithms.7z,wanimaru47,20150116,17,56,Japan,1,1,1,1
mmDownload,existing algorithms.7z,wehlhard,20150115,1,59,United States,1,1,1,1
mmDownload,existing algorithms.7z,xenol,20150112,7,7,(not set),1,1,1,1
mmDownload,existing algorithms.7z,ximing_neurosci,20150117,14,53,United States,1,1,1,1
mmDownload,existing algorithms.7z,yangli2,20150112,3,37,United States,1,1,1,1
mmDownload,existing algorithms.7z,zenanalyst,20150111,20,29,Indonesia,1,1,1,1
mmDownload,test cases.7z,16298,20150108,13,37,United States,1,1,0,0
mmDownload,test cases.7z,16298,20150108,13,53,United States,1,1,0,0
mmDownload,test cases.7z,BatRoss,20150113,15,11,France,1,1,1,1
mmDownload,test cases.7z,BatRoss,20150113,15,15,France,2,1,0,0
mmDownload,test cases.7z,KudaChinyemba,20150112,6,55,South Africa,1,1,0,0
mmDownload,test cases.7z,Pena,20150110,8,37,Finland,1,1,0,0
mmDownload,test cases.7z,Sean.Moran,20150112,15,25,United Kingdom,1,1,1,1
mmDownload,test cases.7z,T_12,20150114,9,11,Russia,1,1,0,0
mmDownload,test cases.7z,TahaMahmoud,20150111,16,9,Egypt,1,1,0,0
mmDownload,test cases.7z,Vincent.Lam,20150112,16,33,Canada,1,1,1,1
mmDownload,test cases.7z,Vishu.Singh,20150115,12,31,India,1,1,1,1
mmDownload,test cases.7z,amadityamishra1,20150117,13,52,India,1,1,1,1
mmDownload,test cases.7z,arshad01,20150112,21,26,Singapore,1,1,1,1
mmDownload,test cases.7z,doraemonok,20150109,18,26,United States,1,1,1,1
mmDownload,test cases.7z,doraemonok,20150109,23,55,China,1,1,1,1
mmDownload,test cases.7z,doraemonok,20150113,3,41,China,1,1,0,0
mmDownload,test cases.7z,doraemonok,20150114,17,23,United States,1,1,1,1
mmDownload,test cases.7z,doraemonok,20150114,17,24,United States,1,1,0,0
mmDownload,test cases.7z,gutoo,20150112,13,15,South Korea,1,1,1,1
mmDownload,test cases.7z,igraphic,20150113,10,56,Saudi Arabia,2,1,0,0
mmDownload,test cases.7z,jagan.rath,20150115,12,50,India,1,1,0,0
mmDownload,test cases.7z,john0215,20150109,16,59,United States,1,1,0,0
mmDownload,test cases.7z,kevinwern,20150112,14,19,United States,1,1,0,0
mmDownload,test cases.7z,logicmachine,20150110,12,53,Japan,1,1,0,0
mmDownload,test cases.7z,logicmachine,20150112,1,14,Japan,1,1,0,0
mmDownload,test cases.7z,moshu,20150113,0,22,Romania,1,1,0,0
mmDownload,test cases.7z,pfilippi,20150112,5,16,Germany,1,1,1,1
mmDownload,test cases.7z,pparys,20150113,23,47,Poland,1,1,0,0
mmDownload,test cases.7z,quazlyy,20150112,13,53,Switzerland,1,1,0,0
mmDownload,test cases.7z,restricteur,20150112,18,41,Morocco,1,1,1,1
mmDownload,test cases.7z,rk2900,20150111,2,16,China,1,1,1,1
mmDownload,test cases.7z,sabagy,20150111,6,47,Israel,1,1,0,0
mmDownload,test cases.7z,sachith500,20150109,14,46,Australia,1,1,0,0
mmDownload,test cases.7z,shangjingbo,20150112,7,40,United States,1,1,1,1
mmDownload,test cases.7z,sunhong,20150113,18,19,United States,1,1,1,1
mmDownload,test cases.7z,thomasjpfan,20150115,22,48,United States,1,1,1,1
mmDownload,test cases.7z,wisamokkeh,20150109,13,33,Israel,1,1,1,1