"","handle","mm_rating","mm_events","mm_reg","algo_rating","algo_events","algo_reg","country","payments","days_as_member","gender","school","treatment","room_size","room_id","mm_rating_imputed","age","educ","prlang","risk","submission","score.prov.max","score.sys.max"
"1","_Kevin",0.284714548802947,1,3,0,0,0,"United States",0,40.1120601851852,"Male","No school","tournament","Large","2F",FALSE,"31-40 years","Undergraduate/Bachelor's degree","Other","7",0,0,0
"2","_Romka_",0.548802946593002,6,10,2538,101,115,"Belarus",4616,2473.64362268519,"Male","Some school","race","Small","1B",FALSE,"20-25 years old","Undergraduate/Bachelor's degree","Python","5",4,0.80260362,0.8040385
"3","1101",0.110128913443831,0,5,1087,175,187,"Ireland",0,4171.47815972222,"Male","No school","target","Large","3H",TRUE,"31-40 years","Doctorate/PhD","Java","6",0,0,0
"4","112atn323",0.622467771639042,4,6,0,0,0,"Japan",0,92.7725347222222,"Male","No school","target","Small","3C",FALSE,"26-30 years","Doctorate/PhD","Java","9",21,0.80822711,0.8071429
"5","1957",0.61731123388582,0,2,949,7,9,"China",300,1599.9162962963,"Male","Some school","target","Large","3E",TRUE,NA,NA,NA,NA,0,0,0
"6","a9108tc",0.548802946593002,13,30,2774,40,44,"China",55192.88,2387.70224537037,"Male","Some school","tournament","Small","2A",FALSE,NA,NA,NA,"4",2,0.80850902,0.7983725
"7","aakinola",0.209208103130755,0,12,0,0,0,"South Africa",0,728.599988425926,"Male","No school","race","Small","1A",TRUE,"31-40 years","Undergraduate/Bachelor's degree","Java","8",0,0,0
"8","abundrew",0.430570902394107,17,31,1019,16,18,"United States",3000,1789.20969907407,"Male","No school","target","Small","3C",FALSE,"51 years and above","Postgraduate/Master of arts","C#","4",0,0,0
"9","adk90",0.219152854511971,0,3,0,0,1,"India",0,124.067025462963,"Male","No school","tournament","Small","2D",TRUE,"26-30 years","Postgraduate/Master of arts","Java",NA,0,0,0
"10","ahoenig",0.367955801104972,3,14,1426,41,42,"United States",724.85,4557.65861111111,"Male","No school","tournament","Small","2D",FALSE,"41-50 years","Undergraduate/Bachelor's degree","C#","6",0,0,0
"11","ainu7",0.905709023941068,29,57,2880,282,306,"South Korea",87266.5,3113.94721064815,"Male","No school","tournament","Small","2B",FALSE,"31-40 years","Undergraduate/Bachelor's degree","C++","6",20,0.81201321,0.7990741
"12","air13",0.184162062615101,9,14,1301,4,11,"China",0,1000.01666666667,"Male","Some school","target","Large","3E",FALSE,"20-25 years old","Undergraduate/Bachelor's degree","C++","7",0,0,0
"13","al_gol",0.316022099447514,5,9,953,28,30,"Belarus",3000,1387.40127314815,"Male","Some school","tournament","Small","2C",FALSE,"20-25 years old","Undergraduate/Bachelor's degree","C#","7",21,0.79408493,0.7802401
"14","alazyrabbit",0.19926335174954,4,12,1344,23,30,"China",40,1854.9778125,"Male","Some school","race","Small","1D",FALSE,"26-30 years","Undergraduate/Bachelor's degree","Python","8",0,0,0
"15","alecn2002",0.205156537753223,39,79,1005,66,72,"Russia",5612,3245.61605324074,"Male","No school","tournament","Large","2F",FALSE,"41-50 years","Postgraduate/Master of arts","C++","3",0,0,0
"16","alex90",0.404051565377532,2,7,1552,33,41,"Spain",1000,1576.71314814815,"Male","Some school","target","Large","3F",FALSE,"20-25 years old","Postgraduate/Master of arts","C++","6",0,0,0
"17","alexpeptan",0.429097605893186,0,3,972,22,25,"Romania",0,420.888912037037,"Male","No school","target","Large","3G",TRUE,"26-30 years","Postgraduate/Master of arts","Java","8",0,0,0
"18","alinionut.popa",0.465930018416206,0,3,773,6,9,"Romania",0,278.822395833333,"Male","No school","race","Large","1F",TRUE,"26-30 years","Postgraduate/Master of arts","Java","7",0,0,0
"19","all_random",0.476243093922652,1,3,0,0,1,"Viet Nam",0,75.6527199074074,"Male","No school","race","Large","1E",FALSE,"26-30 years","Doctorate/PhD","C++","1-unwilling",118,0.8160386,0.8192668
"20","an_ant",0.162062615101289,2,33,1205,20,20,"Croatia",2305,2056.26688657407,"Male","Some school","race","Large","1E",FALSE,"26-30 years","Postgraduate/Master of arts","C++","7",0,0,0
"21","AnandVeeramani",0.45377532228361,4,40,1044,23,26,"India",700,1155.98396990741,"Male","No school","race","Small","1C",FALSE,"26-30 years","Undergraduate/Bachelor's degree","Other","6",0,0,0
"22","ananthhh",0.191896869244936,1,6,0,0,1,"India",98158.47,395.426041666667,"Male","No school","target","Small","3C",FALSE,"20-25 years old","Undergraduate/Bachelor's degree","Java","7",0,0,0
"23","andresduque",0.505709023941068,24,52,562,9,10,"Colombia",102197.89,2101.31819444444,"Male","No school","target","Large","3E",FALSE,"26-30 years","Undergraduate/Bachelor's degree","Java","7",0,0,0
"24","AndyFang",0.593738489871087,2,11,2148,26,32,"China",4888,2756.94005787037,"Male","Some school","target","Large","3H",FALSE,"20-25 years old","Undergraduate/Bachelor's degree","C++","5",0,0,0
"25","antoshkaplus",0.361694290976059,8,17,962,13,14,"United States",300,1469.51472222222,"Male","Some school","tournament","Small","2D",FALSE,"20-25 years old","Undergraduate/Bachelor's degree","C++","10-completely willing",0,0,0
"26","antslag",0.304972375690608,3,10,989,29,34,"Russia",300,881.838900462963,"Male","No school","target","Small","3C",FALSE,"26-30 years","Postgraduate/Master of arts","C++","5",0,0,0
"27","aropan",0.384898710865562,5,15,2180,119,135,"Belarus",1000,2647.51954861111,"Male","Some school","target","Large","3G",FALSE,"20-25 years old","Undergraduate/Bachelor's degree","C++","5",0,0,0
"28","ascii892",0.463351749539595,4,6,762,1,1,"United Kingdom",0,1636.35096064815,"Male","Some school","race","Small","1B",FALSE,"26-30 years","Postgraduate/Master of arts","C++","3",0,0,0
"29","ashersyed",0.157274401473296,8,54,440,5,5,"Mexico",450,3253.94677083333,"Male","No school","tournament","Large","2H",FALSE,"31-40 years","Undergraduate/Bachelor's degree","C#","8",1,0.79408493,0.7802401
"30","aswmtjdsj",0.16390423572744,1,7,1249,32,36,"China",2630,1794.58180555556,"Male","Some school","target","Large","3E",FALSE,"20-25 years old","Undergraduate/Bachelor's degree","C++","9",2,0.80845041,0.7948124
"31","atmosphere",0.397421731123389,1,3,0,0,0,"Canada",0,3276.7341087963,"Male","Some school","race","Large","1E",FALSE,"26-30 years","Postgraduate/Master of arts","Java","8",13,0.81221324,0.7992297
"32","Avitella",0.0390423572744015,0,2,1339,4,4,"Russia",0,1048.40943287037,"Male","Some school","race","Small","1B",TRUE,NA,NA,NA,NA,0,0,0
"33","azneye",0.197053406998158,19,37,2102,115,128,"Canada",200,1248.15972222222,"Male","Some school","tournament","Large","2F",FALSE,"<20 years old","High School","C++","5",1,0.79408493,0.7802401
"34","azukun",0.452670349907919,7,16,1858,46,57,"Russia",187960.04,2297.09652777778,"Male","Some school","target","Large","3E",FALSE,"26-30 years","Postgraduate/Master of arts","C#","9",0,0,0
"35","Bankevich",0.198158379373849,7,11,1962,160,182,"Russia",4423,3265.45793981481,"Male","No school","race","Small","1D",FALSE,"26-30 years","Postgraduate/Master of arts","Java","4",0,0,0
"36","Bargash",0.285082872928177,1,5,738,17,18,"Belarus",0,2974.61561342593,"Male","No school","race","Large","1E",FALSE,"31-40 years","Undergraduate/Bachelor's degree","C#","7",0,0,0
"37","baseballnut",0.248987108655617,64,91,998,10,11,"United States",50,3336.57614583333,"Male","No school","tournament","Large","2H",FALSE,"41-50 years","Postgraduate/Master of arts","Java","5",0,0,0
"38","bdepwgjqet",0.207734806629834,0,2,1347,29,30,"China",0,1329.58341435185,"Male","Some school","race","Large","1G",TRUE,"20-25 years old","Undergraduate/Bachelor's degree","C++","8",0,0,0
"39","blu3fox",0.27219152854512,0,11,0,0,0,"Venezuela",0,1830.02366898148,"Male","Some school","tournament","Small","2A",TRUE,"26-30 years","Undergraduate/Bachelor's degree","Java","6",0,0,0
"40","bluenet",0.23720073664825,11,21,1054,10,13,"Japan",0,488.665694444444,"Male","Some school","race","Small","1A",FALSE,"26-30 years","Postgraduate/Master of arts","Python","7",0,0,0
"41","bohuss",0.370902394106814,36,65,1165,283,315,"Slovakia",172160.72,3368.70846064815,"Male","No school","race","Large","1G",FALSE,"31-40 years","Postgraduate/Master of arts","Java","8",1,0.79408493,0.7802401
"42","brajeshlkw",0.367955801104972,91,162,401,27,34,"India",3268.75,3503.52989583333,"Male","No school","target","Large","3H",FALSE,"41-50 years","Postgraduate/Master of arts","VB","2",25,0.70380591,0.08322763252
"43","Breusov",0.530018416206262,29,42,1218,46,47,"Ukraine",8393.64,3741.37704861111,"Male","Some school","tournament","Small","2D",FALSE,"26-30 years","Postgraduate/Master of arts","Java","5",54,0.81707828,0.8139322
"44","brev",0.592265193370166,37,70,944,24,25,"Ukraine",20800,3320.25717592593,"Male","No school","race","Large","1H",FALSE,"51 years and above","Postgraduate/Master of arts","C++","7",35,0.81532507,0.810536
"45","buraksrc",0.226151012891344,2,4,0,0,0,"Turkey",0,1622.22876157407,"Male","No school","race","Large","1E",FALSE,"31-40 years","High School","Java","7",0,0,0
"46","Cannon",0.194475138121547,9,32,1064,2,6,"Australia",0,1510.92150462963,"Male","No school","tournament","Small","2D",FALSE,"31-40 years","Postgraduate/Master of arts","C#","10-completely willing",0,0,0
"47","cant_dance",0.551381215469613,17,50,1748,5,5,"Poland",300,3095.53082175926,"Male","No school","tournament","Large","2E",FALSE,"31-40 years","Doctorate/PhD","C++","3",0,0,0
"48","caustique",0.18121546961326,3,11,1797,116,139,"Russia",0,2264.47320601852,"Male","Some school","race","Large","1G",FALSE,"20-25 years old","Undergraduate/Bachelor's degree","C++","8",0,0,0
"49","chandan047",0.29097605893186,3,20,617,3,5,"India",0,729.330833333333,"Male","Some school","race","Large","1H",FALSE,"20-25 years old","Undergraduate/Bachelor's degree","C++","3",1,0.79408493,0.7802401
"50","cheaps",0.318600368324125,3,5,1105,2,3,"United States",0,73.2492013888889,"Male","No school","tournament","Small","2C",FALSE,"20-25 years old","Undergraduate/Bachelor's degree","C++","4",0,0,0
"51","chengweichi",0.557642725598527,0,2,374,5,8,"Taiwan",0,1004.5971412037,"Male","Some school","tournament","Small","2B",TRUE,"31-40 years","Undergraduate/Bachelor's degree","C++","1-unwilling",19,0.81180461,0.8119459
"52","chicapi",0.27219152854512,0,11,1021,33,39,"Argentina",3550,4156.52388888889,"Female","No school","target","Small","3D",TRUE,"31-40 years","Doctorate/PhD","C++","10-completely willing",0,0,0
"53","Chikov2",0.130386740331492,6,51,760,85,98,"United States",14300,4786.81121527778,"Male","No school","tournament","Small","2C",FALSE,"31-40 years","Undergraduate/Bachelor's degree","C#","8",0,0,0
"54","Chmel_Tolstiy",0.266298342541436,8,19,2281,177,200,"Belarus",20861.5,3275.87012731481,"Male","Some school","target","Large","3F",FALSE,"26-30 years","Postgraduate/Master of arts","C++","4",0,0,0
"55","codercat",0.403314917127072,1,11,716,29,33,"India",44523.76,2155.89145833333,"Male","No school","race","Small","1B",FALSE,"41-50 years","Postgraduate/Master of arts","C++","5",0,0,0
"56","codeshubh",0.312707182320442,0,2,736,4,8,"India",0,814.396122685185,"Male","Some school","race","Large","1H",TRUE,"20-25 years old","High School","C++","7",0,0,0
"57","ctrucza",0.275874769797422,29,61,1204,33,36,"Romania",450,3472.8525,"Male","No school","target","Large","3F",FALSE,"41-50 years","High School","C++","3",0,0,0
"58","cup_of_tea",0.129650092081031,10,20,1624,98,111,"France",0,1790.57633101852,"Male","Some school","target","Small","3A",FALSE,"20-25 years old","Postgraduate/Master of arts","C++","6",0,0,0
"59","cxz2004",0.416942909760589,0,2,2459,3,3,"China",0,355.333726851852,"Female","Some school","race","Small","1B",TRUE,NA,NA,NA,"6",27,0.81388921,0.8037123
"60","cyril.v",0.577532228360958,13,23,0,0,0,"France",2000,798.763020833333,"Male","No school","race","Small","1C",FALSE,"26-30 years","Undergraduate/Bachelor's degree","C++","3",7,0.82142323,0.8112598
"61","d_jash",0.222099447513812,15,82,547,46,73,"India",11337.5,3683.76641203704,"Male","No school","race","Large","1F",FALSE,"41-50 years","Postgraduate/Master of arts","Java","10-completely willing",0,0,0
"62","daga_sumit",0.141804788213628,0,4,0,0,0,"India",17692.72,386.373738425926,"Male","No school","target","Small","3B",TRUE,"26-30 years","Undergraduate/Bachelor's degree","Java","7",0,0,0
"63","danbanica",0.404788213627993,3,41,2090,62,83,"Romania",200,3312.41751157407,"Male","Some school","target","Small","3A",FALSE,"26-30 years","Postgraduate/Master of arts","Java","5",0,0,0
"64","daviduarte",0.312338858195212,4,11,1456,58,64,"Brazil",0,1982.72028935185,"Male","Some school","tournament","Small","2A",FALSE,"20-25 years old","Undergraduate/Bachelor's degree","C++","8",0,0,0
"65","defatigue",0.452302025782689,0,2,398,4,8,"Nigeria",0,236.24462962963,"Male","No school","tournament","Large","2G",TRUE,"26-30 years","Undergraduate/Bachelor's degree","Java","10-completely willing",0,0,0
"66","defh",0.216942909760589,8,38,395,95,112,"Dominican Republic",538,3003.16693287037,"Male","No school","race","Large","1H",FALSE,"31-40 years","Undergraduate/Bachelor's degree","Java","9",0,0,0
"67","delabourdonnais",0.398895027624309,0,3,837,12,13,"Morocco",0,825.313148148148,"Male","Some school","target","Large","3G",TRUE,"20-25 years old","Undergraduate/Bachelor's degree","Other","7",0,0,0
"68","dexy",0.29171270718232,1,29,1866,141,178,"Serbia",44833.77,4165.2446875,"Male","Some school","tournament","Large","2F",FALSE,"31-40 years","Postgraduate/Master of arts","C++","8",0,0,0
"69","dhbellol",0.223204419889503,2,21,763,22,23,"Colombia",305200.66,4199.03609953704,"Male","No school","tournament","Large","2F",FALSE,"31-40 years","Undergraduate/Bachelor's degree","Java","5",0,0,0
"70","didi_baga",0.266298342541436,13,64,618,7,7,"Georgia",0,1458.5440625,"Male","No school","race","Large","1H",FALSE,"26-30 years","Postgraduate/Master of arts","C++","5",0,0,0
"71","dilip.thapa",0.27329650092081,0,8,0,0,0,"Nepal",0,768.433854166667,"Male","No school","race","Large","1H",TRUE,"26-30 years","Postgraduate/Master of arts","C#","4",0,0,0
"72","dimkadimon",0.534438305709024,13,41,1203,178,187,"Australia",7066.5,4738.13150462963,"Male","Some school","tournament","Large","2E",FALSE,NA,NA,NA,"6",30,0.81658156,0.8214286
"73","dimonica",0.413627992633518,0,2,1162,4,5,"Belarus",0,472.498217592593,"Male","Some school","race","Small","1A",TRUE,"<20 years old","Undergraduate/Bachelor's degree","Java","8",0,0,0
"74","DrWhatsisname",0.461141804788214,0,3,958,1,1,"United States",0,748.277083333333,"Male","Some school","tournament","Large","2G",TRUE,"<20 years old","High School","Java","8",0,0,0
"75","DuXSerbia",0.330386740331492,2,9,1705,98,113,"Serbia",10950,2292.4597337963,"Male","Some school","race","Small","1A",FALSE,"20-25 years old","High School","C++","7",0,0,0
"76","ecv",0.593738489871087,40,66,1621,56,64,"Spain",2850,3128.83663194444,"Male","No school","race","Large","1F",FALSE,"51 years and above","Postgraduate/Master of arts","C++","7",0,0,0
"77","EgorLakomkin",0.340331491712707,0,9,0,0,0,"Russia",0,1594.74009259259,"Male","Some school","target","Large","3F",TRUE,"26-30 years","Postgraduate/Master of arts","Python","7",11,0.83091699,0.8267394
"78","elder1g",0.734069981583794,11,32,0,0,1,"Singapore",170100,1265.80306712963,"Male","No school","target","Small","3A",FALSE,"26-30 years","Undergraduate/Bachelor's degree","C++","7",0,0,0
"79","eldidou",0.85377532228361,10,16,0,0,0,"France",500,1274.28033564815,"Male","No school","tournament","Large","2E",FALSE,"31-40 years","Postgraduate/Master of arts","C++","4",0,0,0
"80","eofsentinel",0.388213627992634,0,2,983,1,4,"India",0,36.9635300925926,"Male","Some school","tournament","Small","2D",TRUE,"20-25 years old","High School","Python","5",0,0,0
"81","Euniceadu",0.274769797421731,0,6,533,36,39,"Ghana",300,1380.30886574074,"Female","Some school","tournament","Small","2A",TRUE,"20-25 years old","Undergraduate/Bachelor's degree","Python","4",0,0,0
"82","EvbCFfp1XB",0.562430939226519,21,25,1278,39,52,"Japan",0,906.655891203704,"Male","No school","target","Small","3B",FALSE,"31-40 years","Postgraduate/Master of arts","Java","10-completely willing",42,0.8145877,0.8191882
"83","F.L.K",0.312707182320442,2,6,1168,19,25,"China",0,1225.51392361111,"Male","Some school","target","Large","3E",FALSE,"20-25 years old","Undergraduate/Bachelor's degree","C++","10-completely willing",0,0,0
"84","f1zz0_13",0.0184162062615101,0,2,1080,36,41,"India",0,785.318981481482,"Male","Some school","target","Small","3B",TRUE,"20-25 years old","Undergraduate/Bachelor's degree","C++","10-completely willing",0,0,0
"85","falanga",0.41731123388582,0,3,1524,23,25,"Croatia",0,1129.45033564815,"Male","Some school","target","Large","3G",TRUE,"<20 years old","High School","C++","4",0,0,0
"86","fazam",0.1097605893186,0,2,649,29,35,"India",0,891.310509259259,"Male","Some school","tournament","Large","2G",TRUE,"20-25 years old","High School","C++","6",0,0,0
"87","FCoskun",0.233517495395948,0,4,994,1,1,"Turkey",800,2395.71240740741,"Male","Some school","tournament","Large","2G",TRUE,"26-30 years","High School","Java","10-completely willing",2,0.8096271,0.8059013
"88","Fdg",0.178637200736648,1,12,2409,219,244,"Ukraine",900,2558.46290509259,"Male","Some school","race","Large","1H",FALSE,"20-25 years old","Undergraduate/Bachelor's degree","C++","7",0,0,0
"89","feather",0.249355432780847,3,14,2100,65,79,"Russia",0,2434.48677083333,"Male","Some school","race","Large","1H",FALSE,"26-30 years","Postgraduate/Master of arts","Java","5",0,0,0
"90","Fed",0.534806629834254,8,12,1498,32,34,"Russia",0,3113.71923611111,"Male","Some school","target","Large","3G",FALSE,"20-25 years old","Postgraduate/Master of arts","C++","4",15,0.8199357,0.8096085
"91","fine_plain",0.394106813996317,0,2,1303,5,6,"Ukraine",0,147.558877314815,"Male","Some school","target","Large","3G",TRUE,"20-25 years old","Undergraduate/Bachelor's degree","C++","6",0,0,0
"92","fizzicks",0.209576427255985,6,41,1138,64,72,"United States",877,3250.39430555556,"Male","Some school","target","Large","3G",FALSE,"20-25 years old","Postgraduate/Master of arts","Python","5",0,0,0
"93","fugusuki",0.482872928176796,5,11,1289,88,95,"Japan",0,1966.63658564815,"Male","Some school","tournament","Small","2B",FALSE,"26-30 years","Postgraduate/Master of arts","C#","7",48,0.83551209,0.8333333
"94","fujiyama",0.476979742173112,5,30,1184,109,116,"Japan",1400,2045.00862268519,"Male","No school","tournament","Small","2B",FALSE,NA,NA,NA,"7",5,0,-Inf
"95","gkeesh7",0.103867403314917,0,4,952,22,26,"India",0,597.4540625,"Male","Some school","tournament","Large","2E",TRUE,NA,NA,NA,NA,0,0,0
"96","goldfinch",0.556537753222836,24,58,1528,129,142,"Russia",134,2950.28303240741,"Male","Some school","tournament","Small","2C",FALSE,"26-30 years","Postgraduate/Master of arts","C#","7",1,0.79408493,0.7802401
"97","gondzo",0.126335174953959,7,23,977,30,48,"Bosnia & Herzegowina",136175.64,2031.50033564815,"Male","Some school","race","Large","1G",FALSE,"26-30 years","Postgraduate/Master of arts","C++","5",1,0.7993725,0.7928669
"98","GoogleHireMe",0.23572744014733,2,8,1581,104,114,"Ukraine",0,2107.13655092593,"Male","Some school","target","Large","3F",FALSE,"20-25 years old","Undergraduate/Bachelor's degree","C++","4",1,0.79408493,0.7802401
"99","gutoo",0.279926335174954,7,22,0,0,0,"South Korea",13600,790.84974537037,"Male","No school","target","Small","3D",FALSE,"31-40 years","Undergraduate/Bachelor's degree","Java","10-completely willing",0,0,0
"100","haipt81",0.41767955801105,3,31,1646,50,52,"Singapore",131995.06,3848.74262731481,"Male","No school","race","Large","1F",FALSE,"31-40 years","Undergraduate/Bachelor's degree","C++","7",25,0.81499279,0.8185962
"101","halyavin",0.606261510128913,24,52,2343,46,53,"Russia",9552,3599.79625,"Male","Some school","race","Large","1G",FALSE,"26-30 years","Doctorate/PhD","Java","1-unwilling",0,0,0
"102","haraduka",0.161694290976059,0,2,1059,6,7,"Japan",0,298.183622685185,"Male","Some school","tournament","Large","2H",TRUE,"20-25 years old","Undergraduate/Bachelor's degree","C++","4",0,0,0
"103","harshaneelhg",0.197790055248619,1,3,0,0,0,"United States",0,106.101006944444,"Male","No school","race","Small","1B",FALSE,"20-25 years old","Undergraduate/Bachelor's degree","Java","8",0,0,0
"104","haveri",0.386740331491713,8,13,1208,126,133,"India",300,1413.77175925926,"Male","No school","race","Large","1H",FALSE,"41-50 years","Undergraduate/Bachelor's degree","Java","7",11,0.81328065,0.8081181
"105","hired777",0.516390423572744,0,5,1336,22,28,"Belarus",0,2161.42928240741,"Male","Some school","race","Large","1E",TRUE,"20-25 years old","Undergraduate/Bachelor's degree","C++","6",0,0,0
"106","hiro_00",0.414364640883978,2,6,1533,25,28,"Japan",0,1942.7834375,"Male","No school","race","Small","1C",FALSE,"31-40 years","Postgraduate/Master of arts","C++","4",3,0.7951597,0.780376
"107","ichattopadhyaya",0.416206261510129,14,28,1273,73,81,"India",0,3264.76980324074,"Male","Some school","tournament","Small","2D",FALSE,"26-30 years","Undergraduate/Bachelor's degree","Java","5",0,0,0
"108","ichyo",0.374953959484346,8,13,2208,131,153,"Japan",0,1747.51738425926,"Male","Some school","tournament","Small","2D",FALSE,"20-25 years old","Undergraduate/Bachelor's degree","C++","3",0,0,0
"109","Infinity.",0.426151012891344,3,7,1728,84,98,"Belarus",0,2557.32758101852,"Male","Some school","race","Large","1F",FALSE,"20-25 years old","Undergraduate/Bachelor's degree","C++","6",23,0.81593788,0.812844
"110","Irioth",0.481031307550645,30,58,1770,106,117,"Russia",2119,3251.87725694444,"Male","Some school","target","Small","3B",FALSE,"26-30 years","Undergraduate/Bachelor's degree","Java","7",1,0.7993725,0.7928669
"111","Ironhawks",0.193370165745856,0,5,0,0,0,"China",0,198.537951388889,"Male","No school","race","Large","1E",TRUE,"20-25 years old","Postgraduate/Master of arts","Python","8",0,0,0
"112","ISMAX",0.189318600368324,4,8,0,0,0,"France",0,209.315868055556,NA,"No school","tournament","Large","2H",FALSE,NA,NA,NA,NA,0,0,0
"113","ivan_metelsky",0.514180478821363,2,26,2731,65,79,"Belarus",334843,3849.26813657407,"Male","No school","tournament","Large","2G",FALSE,"26-30 years","Postgraduate/Master of arts","Java","2",0,0,0
"114","izhari",0.335911602209945,29,67,842,265,310,"Indonesia",168505.16,3488.60101851852,"Male","Some school","tournament","Large","2F",FALSE,"26-30 years","Postgraduate/Master of arts","Java","9",0,0,0
"115","jaikamal",0.180478821362799,2,9,766,1,2,"India",0,1290.33913194444,"Male","Some school","target","Large","3F",FALSE,"20-25 years old","Undergraduate/Bachelor's degree","Java","7",0,0,0
"116","jasonw",0.348434622467772,0,3,1926,71,73,"United States",6732,4781.98966435185,"Male","No school","tournament","Large","2G",TRUE,"31-40 years","Doctorate/PhD","Other","8",0,0,0
"117","jbgeddes3",0.383425414364641,0,4,0,0,0,"United States",0,98.3462731481481,"Male","No school","race","Small","1D",TRUE,"31-40 years","Doctorate/PhD","Python","8",0,0,0
"118","JK24",0.2,0,8,1394,44,53,"Belarus",0,852.150949074074,"Male","Some school","target","Large","3H",TRUE,"20-25 years old","High School","Java","6",0,0,0
"119","Johan.de.Ruiter",0.276979742173112,13,52,1703,108,112,"Netherlands",410.2,3357.33534722222,"Male","No school","tournament","Large","2F",FALSE,"31-40 years","Postgraduate/Master of arts","C++","3",1,0.00094251,0
"120","jonathanps",0.444198895027624,5,9,1401,4,5,"United States",80500,241.328761574074,"Male","Some school","race","Large","1G",FALSE,"20-25 years old","Undergraduate/Bachelor's degree","C++","7",0,0,0
"121","JRSSKumarD",0.476979742173112,6,11,1062,1,1,"India",0,186.745925925926,"Male","No school","tournament","Large","2E",FALSE,"26-30 years","Postgraduate/Master of arts","Java","10-completely willing",126,0.82418123,0.8117539
"122","jthread",0.419521178637201,27,56,2021,144,162,"Netherlands",14404,3772.51180555556,"Male","Some school","target","Large","3G",FALSE,"26-30 years","Doctorate/PhD","C#","6",4,0.79811815,0.7932141
"123","Jumping John",0.562062615101289,10,21,1636,77,87,"United States",25,4640.51509259259,"Male","No school","race","Large","1F",FALSE,"51 years and above","Postgraduate/Master of arts","Java","5",0,0,0
"124","jun22",0.38268876611418,1,4,0,0,0,"United States",0,541.110081018518,"Male","No school","tournament","Large","2G",FALSE,"20-25 years old","Undergraduate/Bachelor's degree","Java","10-completely willing",0,0,0
"125","k_k1",0.323756906077348,0,2,990,2,2,"Japan",0,78.6019444444444,NA,"No school","target","Large","3E",TRUE,NA,NA,NA,NA,0,0,0
"126","kamalkishor1991",0.262246777163904,1,6,1034,20,25,"India",450,1429.44234953704,"Male","Some school","target","Large","3F",FALSE,"20-25 years old","Undergraduate/Bachelor's degree","Java","7",0,0,0
"127","kazunetakahashi",0.343278084714549,1,3,0,0,0,"Japan",0,283.036296296296,"Male","Some school","tournament","Small","2B",FALSE,"20-25 years old","Postgraduate/Master of arts","C++","5",0,0,0
"128","Kenny_HORROR",0.429465930018416,6,8,2434,143,159,"Belarus",36,2392.52728009259,"Male","Some school","tournament","Small","2A",FALSE,"20-25 years old","Postgraduate/Master of arts","C++","5",0,0,0
"129","kino",0.307550644567219,8,26,1205,30,39,"United States",1310,3523.37599537037,"Male","No school","tournament","Large","2F",FALSE,"26-30 years","High School","C++","5",0,0,0
"130","kit1980",0.288397790055249,12,30,1109,91,99,"Ukraine",62911.14,2255.32394675926,"Male","No school","race","Small","1D",FALSE,"31-40 years","Undergraduate/Bachelor's degree","Python","8",0,0,0
"131","klo86min",0.598158379373849,15,23,1284,23,25,"France",124733.16,798.743680555556,"Male","No school","target","Large","3F",FALSE,"31-40 years","Postgraduate/Master of arts","C++","1-unwilling",27,0.81031136,0.8134811
"132","knighthunter",0.114917127071823,0,4,312,7,7,"India",0,674.339224537037,"Male","No school","target","Large","3H",TRUE,"31-40 years","Undergraduate/Bachelor's degree","Java","10-completely willing",0,0,0
"133","kossi_tg",0.32817679558011,19,35,763,32,38,"France",0,797.816886574074,"Male","No school","target","Large","3E",FALSE,"26-30 years","Postgraduate/Master of arts","Java","6",0,0,0
"134","koyumeishi",0.507550644567219,0,3,1461,36,42,"Japan",0,1059.57793981481,"Male","Some school","race","Small","1A",TRUE,NA,NA,NA,NA,0,0,0
"135","kpoxa2l",0.2902394106814,2,4,0,0,0,"Russia",0,73.9932986111111,"Male","No school","race","Large","1E",FALSE,"51 years and above","Doctorate/PhD","C++","5",0,0,0
"136","ksma",0.336279926335175,12,37,1289,13,14,"Hong Kong",0,2858.26112268519,"Male","Some school","race","Large","1F",FALSE,"31-40 years","Postgraduate/Master of arts","Java","7",0,0,0
"137","kubapb",0.322651933701657,5,8,832,2,2,"Poland",0,195.447407407407,"Male","No school","race","Small","1A",FALSE,"20-25 years old","Undergraduate/Bachelor's degree","C++","8",79,0.82183271,0.8132366
"138","kumar.virakta",0.187845303867403,0,7,0,0,0,"India",0,1365.74577546296,"Male","No school","target","Large","3F",TRUE,"31-40 years","Undergraduate/Bachelor's degree","Java","9",0,0,0
"139","kwrig",0.376427255985267,0,3,0,0,0,"Japan",0,416.749652777778,"Male","No school","target","Large","3H",TRUE,"20-25 years old","High School","Java","3",0,0,0
"140","kyerise",0.102394106813996,6,20,537,10,12,"Zimbabwe",0,1015.35300925926,"Male","Some school","tournament","Large","2H",FALSE,"26-30 years","Undergraduate/Bachelor's degree","Java","4",0,0,0
"141","LaguneXXX",0.391160220994475,0,3,1025,20,18,"Spain",2820,4045.24891203704,"Male","No school","tournament","Large","2E",TRUE,"31-40 years","Doctorate/PhD","Python","7",0,0,0
"142","Lapro",0.496869244935543,0,5,1593,45,48,"United States",46,2861.72738425926,"Male","Some school","tournament","Large","2E",TRUE,"26-30 years","Undergraduate/Bachelor's degree","C++","7",57,0.82514179,0.8156124
"143","lejosne",0.360589318600368,1,3,0,0,0,"France",0,167.306273148148,"Male","No school","race","Small","1B",FALSE,"26-30 years","Doctorate/PhD","Other","5",0,0,0
"144","Liaksiejka",0.298342541436464,0,7,1665,48,57,"Belarus",150,2115.37590277778,"Male","Some school","race","Small","1C",TRUE,"20-25 years old","Postgraduate/Master of arts","C++","6",0,0,0
"145","limed",0.597421731123389,6,8,1514,8,11,"Lithuania",0,384.298263888889,"Male","No school","tournament","Large","2G",FALSE,"31-40 years","Postgraduate/Master of arts","Other","4",6,0.81355332,0.8070014
"146","lionelc",0.248250460405157,1,13,1086,16,19,"United States",0,1171.31258101852,"Male","Some school","target","Small","3B",FALSE,NA,NA,NA,"8",8,0.82111994,0.8099631
"147","lipsum",0.292817679558011,9,22,1290,36,38,"Japan",0,452.465636574074,"Male","No school","target","Small","3D",FALSE,"31-40 years","High School","C++","1-unwilling",29,0.81624587,0.8093707
"148","lizame2012",0.198158379373849,0,12,596,15,16,"United States",122,3484.72268518519,"Female","No school","target","Large","3H",TRUE,"31-40 years","High School","Java","7",0,0,0
"149","ll931110",0.304235727440147,1,21,2138,86,95,"Viet Nam",557.7,2222.75087962963,"Male","Some school","target","Small","3A",FALSE,"20-25 years old","Undergraduate/Bachelor's degree","Java","10-completely willing",0,0,0
"150","logico14",0.335174953959484,1,4,1043,8,9,"Croatia",0,900.520891203704,"Male","Some school","target","Large","3H",FALSE,"<20 years old","High School","C++","8",34,0.81598764,0.8221087
"151","LOY",0.47255985267035,11,32,2085,53,59,"China",305976.81,3409.48732638889,"Male","Some school","tournament","Large","2E",FALSE,"26-30 years","Postgraduate/Master of arts","C#","10-completely willing",12,0.81029113,0.8044383
"152","Lozy",0.351012891344383,13,37,1577,4,9,"China",19279.76,1114.85966435185,"Male","Some school","target","Large","3E",FALSE,"20-25 years old","Undergraduate/Bachelor's degree","Java","7",11,0.80246286,0.7998159
"153","ltda",0.392633517495396,0,2,712,2,3,"Romania",0,195.573043981481,"Female","No school","race","Large","1G",TRUE,"26-30 years","Postgraduate/Master of arts","Other","7",0,0,0
"154","m_dz",0.257826887661142,2,12,1621,137,160,"Poland",0,2504.29311342593,"Male","Some school","race","Small","1A",FALSE,"20-25 years old","Undergraduate/Bachelor's degree","C++","6",0,0,0
"155","madbn",0.415101289134438,1,6,0,0,0,"Romania",0,1169.5631712963,"Female","Some school","race","Large","1F",FALSE,"26-30 years","Doctorate/PhD","C++","6",0,0,0
"156","MahmoudAGawad",0.32780847145488,0,2,1146,37,41,"Egypt",0,786.665150462963,"Male","Some school","target","Small","3B",TRUE,"20-25 years old","Undergraduate/Bachelor's degree","C++","7",0,0,0
"157","mak512",0.264456721915285,2,6,0,0,0,"India",0,86.8883912037037,NA,"No school","target","Large","3G",FALSE,NA,NA,NA,NA,0,0,0
"158","maniek",0.58121546961326,26,73,1734,116,135,"Poland",225660,3759.68572916667,"Male","No school","tournament","Large","2G",FALSE,"31-40 years","High School","C++","8",5,0.80606548,0.8140936
"159","marchyoung",0.261510128913444,1,3,0,0,0,"United States",0,159.350613425926,"Male","No school","tournament","Large","2E",FALSE,"41-50 years","Postgraduate/Master of arts","Other","8",0,0,0
"160","marek.cygan",0.722283609576427,14,35,2958,242,256,"Poland",37864.29,4213.35414351852,"Male","Some school","tournament","Large","2H",FALSE,"31-40 years","Doctorate/PhD","C++","8",1,0.7993725,0.7928669
"161","marsavic",0.513075506445672,25,42,1462,68,78,"Serbia",452,3277.11075231481,"Male","Some school","target","Large","3F",FALSE,"31-40 years","Postgraduate/Master of arts","Java","8",0,0,0
"162","marshmallow",0.528545119705341,9,10,1235,11,11,"Australia",0,826.62474537037,"Male","Some school","race","Large","1G",FALSE,"31-40 years","Doctorate/PhD","C#","7",0,0,0
"163","martin.trojak",0.425046040515654,1,3,0,0,0,"Slovakia",0,91.3241550925926,"Male","No school","tournament","Large","2G",FALSE,"31-40 years","Postgraduate/Master of arts","Java","3",2,0.7993725,0.7928669
"164","martinezgjuan",0.460405156537753,1,3,1348,26,27,"Venezuela",0,810.680659722222,"Male","Some school","tournament","Large","2F",FALSE,"26-30 years","Postgraduate/Master of arts","Java","5",0,0,0
"165","mateuszlewko",0.404419889502762,1,5,913,3,3,"Poland",0,354.562013888889,"Male","Some school","race","Small","1B",FALSE,"<20 years old","High School","C#","8",0,0,0
"166","Matt_sjtu",0.221362799263352,9,13,1956,23,28,"China",0,1664.65081018519,"Male","Some school","tournament","Small","2B",FALSE,"20-25 years old","High School","C++","5",0,0,0
"167","mayoko",0.060036832412523,0,2,1243,17,21,"Japan",0,335.859618055556,"Male","Some school","target","Small","3B",TRUE,"20-25 years old","Undergraduate/Bachelor's degree","C++","5",0,0,0
"168","mcw1142",0.241620626151013,25,34,884,2,2,"United States",0,2465.25450231481,"Male","No school","target","Small","3A",FALSE,"51 years and above","High School","Java","5",0,0,0
"169","megaterik",0.415837937384899,11,25,1886,25,28,"Belarus",3700,1745.65597222222,"Male","Some school","target","Small","3C",FALSE,"20-25 years old","High School","Python","10-completely willing",41,0.82190274,0.8200913
"170","midrux",0.252302025782689,1,7,1213,111,128,"Argentina",159,3640.06862268519,"Male","Some school","target","Small","3B",FALSE,"26-30 years","Doctorate/PhD","C++","8",0,0,0
"171","miguel_clean",0.433517495395948,5,7,1083,11,12,"Poland",0,513.277037037037,"Male","No school","tournament","Small","2D",FALSE,"31-40 years","Postgraduate/Master of arts","C++","5",56,0.81738554,0.8205817
"172","Mimino",0.605156537753223,34,51,2668,159,182,"Slovakia",5670,2862.5565162037,"Male","Some school","tournament","Small","2A",FALSE,"20-25 years old","Undergraduate/Bachelor's degree","Python","8",1,0.80163083,0.8018433
"173","MIPT_Alex",0.531491712707182,6,13,1610,32,35,"Russia",1000,2987.76506944444,"Male","Some school","race","Large","1E",FALSE,"20-25 years old","Postgraduate/Master of arts","C#","5",0,0,0
"174","mln",0.318968692449355,4,14,743,121,152,"Bulgaria",39890.4,3546.39716435185,"Male","No school","race","Large","1G",FALSE,"31-40 years","Undergraduate/Bachelor's degree","C#","3",28,0.83076388,0.8143993
"175","Mojito1",0.739226519337017,30,47,1884,99,104,"Poland",449175,3817.78386574074,"Male","Some school","race","Small","1D",FALSE,"31-40 years","Doctorate/PhD","C#","3",0,0,0
"176","MonicaMuranyi",0.318600368324125,0,4,960,24,25,"Romania",104586.31,1902.54454861111,"Female","No school","tournament","Large","2E",TRUE,"26-30 years","Undergraduate/Bachelor's degree","Java","7",0,0,0
"177","moriara",0.390055248618785,0,2,0,0,1,"Turkey",0,1687.62709490741,"Female","Some school","race","Small","1B",TRUE,"20-25 years old","Postgraduate/Master of arts","Java","7",0,0,0
"178","moshu",0.387108655616943,46,79,624,45,50,"Romania",0,2227.27806712963,"Male","No school","target","Small","3D",FALSE,"51 years and above","Postgraduate/Master of arts","C++","5",17,0.81216068,0.8128193
"179","mra",0.110128913443831,1,3,1037,1,1,"Turkey",3000,1420.22777777778,"Male","No school","tournament","Large","2E",FALSE,"26-30 years","Undergraduate/Bachelor's degree","Java","5",0,0,0
"180","Mril284",0.167219152854512,1,5,0,0,0,"United States",0,375.06625,"Male","No school","target","Small","3C",FALSE,"26-30 years","Undergraduate/Bachelor's degree","Java","8",0,0,0
"181","mrmillers",0.484714548802947,0,2,1102,2,3,"China",200,236.582592592593,"Male","Some school","target","Large","3H",TRUE,"20-25 years old","Undergraduate/Bachelor's degree","C++","4",0,0,0
"182","mystic_coder",0.431307550644567,0,13,771,1,3,"India",0,2068.35149305556,"Male","No school","race","Large","1E",TRUE,"31-40 years","Undergraduate/Bachelor's degree","C++","5",0,0,0
"183","neo.subrata",0.219521178637201,8,24,414,6,7,"India",0,1058.40849537037,"Male","No school","target","Small","3A",FALSE,"26-30 years","Undergraduate/Bachelor's degree","C#","9",2,0.4970481,0.4851400221
"184","Neodym",0.369797421731123,0,3,1330,3,3,"Belarus",0,808.483738425926,"Male","Some school","target","Large","3G",TRUE,"<20 years old","High School","C++","4",0,0,0
"185","neotheicebird",0.323756906077348,1,3,0,0,0,"India",0,72.7939814814815,"Male","No school","target","Small","3A",FALSE,"20-25 years old","Undergraduate/Bachelor's degree","Python","10-completely willing",0,0,0
"186","net_buster",0.30828729281768,17,32,931,43,47,"Poland",6050,3127.85318287037,"Male","Some school","race","Large","1F",FALSE,"26-30 years","Doctorate/PhD","C#","2",0,0,0
"187","Nfcj000",0.503867403314917,0,5,1076,20,27,"China",0,1795.81971064815,"Male","Some school","target","Small","3A",TRUE,NA,NA,NA,NA,0,0,0
"188","nhzp339",0.896132596685083,49,91,1981,338,366,"China",1301276.02,3783.68570601852,"Male","Some school","target","Small","3D",FALSE,"31-40 years","Undergraduate/Bachelor's degree","C++","4",0,0,0
"189","nic.lim55",0.242357274401473,2,5,0,0,0,"Australia",0,82.7079166666667,"Male","No school","tournament","Small","2C",FALSE,"<20 years old","Undergraduate/Bachelor's degree","Python","6",0,0,0
"190","Nickolas",0.451933701657459,14,29,1800,73,83,"Ukraine",121649,3517.77584490741,"Female","Some school","tournament","Small","2A",FALSE,"26-30 years","Postgraduate/Master of arts","C++","4",0,0,0
"191","Nil_ct",0.386740331491713,29,43,1146,136,152,"France",34,2936.18792824074,"Female","Some school","race","Large","1F",FALSE,"41-50 years","Postgraduate/Master of arts","Java","7",0,0,0
"192","nims11",0.510865561694291,0,2,1615,34,40,"India",0,1190.90456018519,"Male","Some school","target","Large","3E",TRUE,"20-25 years old","High School","Python","7",0,0,0
"193","nkshn",0.32817679558011,0,2,830,19,20,"Japan",0,1674.63866898148,"Male","Some school","tournament","Large","2F",TRUE,"20-25 years old","Undergraduate/Bachelor's degree","Python","5",27,0.81351757,0.8125288
"194","NobuMiu",0.517495395948435,26,41,1588,145,163,"Japan",12500,2447.2805787037,"Male","No school","race","Large","1G",FALSE,"31-40 years","Postgraduate/Master of arts","C++","10-completely willing",0,0,0
"195","not_",0.559852670349908,11,17,1667,60,74,"Japan",0,1769.69086805556,"Male","Some school","target","Large","3E",FALSE,"20-25 years old","Postgraduate/Master of arts","C++","5",0,0,0
"196","nroeth",0.391896869244936,4,7,852,5,7,"United States",0,1917.18943287037,"Male","No school","tournament","Small","2C",FALSE,"51 years and above","Doctorate/PhD","Java","4",3,0.76491182,0.7416332
"197","OlexandrT",0.47219152854512,6,11,1079,6,6,"Ukraine",4500,1380.34650462963,"Male","No school","target","Small","3D",FALSE,"41-50 years","Doctorate/PhD","C++","5",0,0,0
"198","omegayu",0.222836095764273,2,4,0,0,0,"Taiwan",0,1635.53696759259,"Male","No school","tournament","Small","2A",FALSE,"31-40 years","Doctorate/PhD","Python","10-completely willing",36,0.80290027,0.7930728
"199","omu",0.332228360957643,1,3,861,2,2,"Japan",0,107.524965277778,"Male","No school","tournament","Small","2B",FALSE,"20-25 years old","Undergraduate/Bachelor's degree","C++","4",0,0,0
"200","onjanirina",0.25451197053407,11,31,671,6,6,"Madagascar",0,1136.90072916667,"Male","No school","tournament","Small","2A",FALSE,"31-40 years","Undergraduate/Bachelor's degree","Java","10-completely willing",0,0,0
"201","Orisano",0.516758747697974,0,2,1041,5,5,"Japan",0,839.70849537037,"Male","Some school","target","Small","3A",TRUE,NA,NA,NA,NA,0,0,0
"202","orlovan",0.47182320441989,1,3,1607,1,1,"Russia",0,207.587361111111,"Male","No school","race","Small","1C",FALSE,"31-40 years","High School","Other","7",36,0.83006028,0.8232069
"203","osev",0.310865561694291,0,2,1165,33,35,"United States",0,1421.5847337963,"Male","Some school","tournament","Small","2B",TRUE,"26-30 years","Postgraduate/Master of arts","Python","10-completely willing",0,0,0
"204","ourtake",0.286924493554328,4,17,987,47,52,"Japan",0,986.897777777778,"Male","Some school","target","Small","3C",FALSE,"26-30 years","Postgraduate/Master of arts","C++","6",0,0,0
"205","PaxosMyth",0.409208103130755,0,6,0,0,0,"India",625,341.228090277778,"Male","No school","race","Large","1F",TRUE,"20-25 years old","Undergraduate/Bachelor's degree","Java","10-completely willing",0,0,0
"206","pedrosorio",0.349539594843462,6,14,1464,65,72,"Portugal",50,2455.39748842593,"Male","Some school","race","Small","1C",FALSE,"26-30 years","Postgraduate/Master of arts","Python","5",0,0,0
"207","petroos",0.27329650092081,1,4,1387,18,21,"Poland",0,2321.13584490741,"Male","No school","race","Small","1C",FALSE,"31-40 years","Doctorate/PhD","C++","5",1,0.7993725,0.7928669
"208","pfilippi",0.38121546961326,3,10,1450,1,1,"Germany",50860.8,2083.66525462963,"Male","Some school","target","Large","3G",FALSE,"26-30 years","High School","Java","7",0,0,0
"209","pfr",0.833149171270718,5,9,0,0,0,"France",41500,206.822118055556,"Male","No school","target","Large","3H",FALSE,"26-30 years","Postgraduate/Master of arts","Python","6",17,0.84635903,0.843962
"210","pnomarev",0.460773480662983,24,40,1513,44,45,"Russia",7450,1401.86570601852,"Male","No school","target","Large","3G",FALSE,"31-40 years","Postgraduate/Master of arts","C#","5",0,0,0
"211","pooya_",0.475874769797422,3,10,2455,17,24,"United Kingdom",0,2523.74380787037,"Male","Some school","tournament","Large","2H",FALSE,NA,NA,NA,NA,0,0,0
"212","Psyho",1,65,130,2634,168,186,"Poland",619527.06,3818.410625,"Male","Some school","race","Small","1D",FALSE,"31-40 years","Undergraduate/Bachelor's degree","C++","5",58,0.82928538,0.8226244
"213","PuffRing",0.132965009208103,5,55,1031,15,14,"United States",2600,3969.55976851852,"Male","No school","target","Large","3G",FALSE,"41-50 years","Postgraduate/Master of arts","Java","10-completely willing",48,0.82143791,0.795671
"214","Ra16bit",0.467771639042357,0,4,2590,161,176,"Belarus",1349.36,2491.29840277778,"Male","Some school","target","Small","3C",TRUE,"20-25 years old","Undergraduate/Bachelor's degree","C++","8",0,0,0
"215","rado42",0.212154696132597,29,80,0,0,0,"United States",5000,3255.2137962963,"Male","No school","target","Large","3F",FALSE,"51 years and above","Undergraduate/Bachelor's degree","C++","2",80,0.82512096,0.8190731
"216","Rajpurohit",0.346593001841621,0,3,687,5,5,"India",0,392.963576388889,"Male","No school","tournament","Small","2A",TRUE,NA,NA,NA,NA,0,0,0
"217","ribeiro",0.167219152854512,1,3,0,0,1,"Poland",0,38.3747916666667,"Male","Some school","tournament","Large","2H",FALSE,"20-25 years old","Undergraduate/Bachelor's degree","Java","3",0,0,0
"218","Ritesh_Singh",0.167219152854512,1,3,0,0,0,"India",0,33.7209027777778,"Male","No school","race","Small","1B",FALSE,"<20 years old","Undergraduate/Bachelor's degree","Java","10-completely willing",0,0,0
"219","RobinWang",0.170902394106814,0,3,1155,1,1,"China",0,3410.85643518519,"Male","No school","race","Large","1F",TRUE,NA,NA,NA,NA,0,0,0
"220","rrr_guru",0.267771639042357,12,22,396,14,15,"Poland",8764.85,2306.47814814815,"Male","No school","tournament","Large","2H",FALSE,"31-40 years","Postgraduate/Master of arts","C#","7",13,0.81464501,0.8128193
"221","RRx",0.409576427255985,4,10,2512,87,95,"South Korea",74,2204.48615740741,"Male","Some school","tournament","Large","2H",FALSE,"20-25 years old","Undergraduate/Bachelor's degree","C++","8",0,0,0
"222","rst9288",0.20073664825046,0,7,493,3,4,"United States",164809.08,2539.74700231481,"Male","Some school","tournament","Small","2B",TRUE,NA,"Postgraduate/Master of arts","Java","6",0,0,0
"223","Rubanenko",0.128545119705341,0,3,1980,37,47,"Ukraine",0,1055.51994212963,"Male","Some school","race","Large","1E",TRUE,"<20 years old","High School","Java","9",0,0,0
"224","ryuwonha",0.361694290976059,5,14,2348,49,62,"South Korea",108.4,2752.46444444444,"Male","Some school","target","Small","3C",FALSE,"20-25 years old","High School","C++","8",2,0.8032943,0.8037825
"225","sabbathist",0.107182320441989,0,7,830,13,14,"Belarus",8000,1902.65597222222,"Male","Some school","race","Large","1F",TRUE,"20-25 years old","Undergraduate/Bachelor's degree","Other","4",1,0.7993725,0.7928669
"226","sakaark",0.314180478821363,0,2,1289,15,17,"India",0,231.821076388889,"Male","Some school","race","Large","1E",TRUE,"20-25 years old","Undergraduate/Bachelor's degree","C++","7",0,0,0
"227","sampathkumarv",0.227624309392265,1,6,963,32,38,"India",0,1483.45633101852,"Male","No school","race","Large","1H",FALSE,"31-40 years","Postgraduate/Master of arts","Java","5",0,0,0
"228","sas4eka",0.325966850828729,11,24,2015,123,141,"Belarus",5075,1603.35082175926,"Male","Some school","race","Large","1H",FALSE,"20-25 years old","Undergraduate/Bachelor's degree","C++","7",87,0.82780437,0.8073829
"229","sasikanth9",0.116390423572744,0,4,0,0,0,"India",3000,227.528564814815,"Male","No school","tournament","Large","2G",TRUE,"26-30 years","Postgraduate/Master of arts","C#","6",0,0,0
"230","SebM",0.36353591160221,12,17,0,0,0,"France",0,797.680601851852,"Male","No school","tournament","Large","2F",FALSE,"41-50 years","High School","Java","8",1,0.80163083,0.8018433
"231","Seip_meginu",0.336648250460405,1,3,0,0,0,"Lithuania",0,55.5157407407407,"Male","No school","tournament","Large","2H",FALSE,"20-25 years old","Undergraduate/Bachelor's degree","C++","6",0,0,0
"232","SePulTribe",0.323020257826888,1,13,829,12,13,"Singapore",7927.08,4410.7578587963,"Male","Some school","race","Large","1G",FALSE,"26-30 years","Undergraduate/Bachelor's degree","C++","8",0,0,0
"233","shilov",0.411418047882136,8,19,1539,79,84,"Russia",0,1602.70633101852,"Male","Some school","target","Small","3D",FALSE,"26-30 years","Postgraduate/Master of arts","Java","4",0,0,0
"234","shivamsihare",0.464825046040516,0,2,999,2,3,"India",0,757.959918981481,"Male","Some school","target","Small","3A",TRUE,"20-25 years old","High School","C++","8",0,0,0
"235","smel",0.374953959484346,4,7,1991,24,30,"Russia",4000,2737.60869212963,"Male","Some school","target","Small","3D",FALSE,"20-25 years old","Postgraduate/Master of arts","Java","8",0,0,0
"236","smudge",0.365745856353591,21,39,638,135,104,"United States",1222,4964.28203703704,"Male","No school","race","Large","1H",FALSE,"31-40 years","Postgraduate/Master of arts","Other","3",10,0.79408493,0.7802401
"237","sohel_uoa",0.261141804788214,1,5,0,0,0,"Bangladesh",0,1721.90099537037,"Male","Some school","race","Large","1G",FALSE,"31-40 years","Postgraduate/Master of arts","C++","9",0,0,0
"238","Sord",0.438305709023941,21,33,1322,96,49,"United States",27407.16,5057.9452662037,"Male","No school","race","Large","1H",FALSE,"41-50 years","Undergraduate/Bachelor's degree","Java","4",0,0,0
"239","soybean",0.29097605893186,0,3,0,0,0,"United States",0,31.9516203703704,"Male","Some school","tournament","Small","2C",TRUE,"20-25 years old","Undergraduate/Bachelor's degree","C++","10-completely willing",6,0.80540331,0.8014774
"240","StarCuriosity",0.427992633517495,0,3,1703,7,9,"Russia",0,105.09837962963,"Male","No school","tournament","Large","2F",TRUE,"20-25 years old","Postgraduate/Master of arts","C++","6",0,0,0
"241","stzgd",0.39926335174954,4,7,1950,18,21,"China",0,1040.6083912037,"Male","Some school","target","Large","3H",FALSE,"20-25 years old","Undergraduate/Bachelor's degree","C++","7",0,0,0
"242","sukides",0.39963167587477,2,8,940,14,16,"China",0,2532.51424768519,"Male","Some school","tournament","Large","2F",FALSE,"20-25 years old","Postgraduate/Master of arts","C++","7",0,0,0
"243","sweetkang",0.369429097605893,2,12,1563,87,100,"China",0,2463.77049768519,"Male","Some school","target","Small","3B",FALSE,"20-25 years old","Undergraduate/Bachelor's degree","C++","3",0,0,0
"244","szd714",0.429465930018416,7,34,1809,51,54,"Hungary",4902,4193.66180555556,"Male","No school","target","Large","3G",FALSE,"41-50 years","Postgraduate/Master of arts","Java","6",0,0,0
"245","T_I_W_A_R_Y",0.499079189686924,0,2,699,4,4,"India",0,722.009444444444,"Male","Some school","tournament","Large","2F",TRUE,"20-25 years old","High School","Python","10-completely willing",0,0,0
"246","TahaMahmoud",0.0843462246777164,0,5,1755,66,79,"Egypt",600,1746.33438657407,"Male","Some school","target","Small","3C",TRUE,"20-25 years old","Undergraduate/Bachelor's degree","C++","5",0,0,0
"247","tanzaku",0.300920810313075,27,56,2151,188,212,"Japan",257.7,2951.91584490741,"Male","Some school","tournament","Small","2C",FALSE,"26-30 years","Postgraduate/Master of arts","Java","3",2,0.79408493,0.7802401
"248","Taquion",0.248250460405157,1,4,0,0,0,"Bolivia",1800,147.455451388889,"Male","No school","race","Small","1D",FALSE,"31-40 years","Postgraduate/Master of arts","Java","7",0,0,0
"249","tau0",0.510128913443831,0,2,1269,7,8,"Russia",0,289.561608796296,"Male","No school","target","Large","3H",TRUE,"20-25 years old","Undergraduate/Bachelor's degree","C++","7",0,0,0
"250","tbell",0.406261510128913,1,4,0,0,0,"United States",0,376.676053240741,"Male","No school","tournament","Large","2G",FALSE,"41-50 years","Doctorate/PhD","C++","6",0,0,0
"251","TMALBONPH",0.340331491712707,0,27,0,0,0,"Philippines",34677.54,1790.79652777778,"Male","No school","target","Large","3H",TRUE,"51 years and above","Undergraduate/Bachelor's degree","C++","10-completely willing",15,0.80810092,0.8074818
"252","toshif",0.373848987108656,0,2,1309,16,21,"Japan",0,339.152824074074,"Male","No school","tournament","Large","2G",TRUE,"31-40 years","Postgraduate/Master of arts","Java","7",0,0,0
"253","TrePe",0.506445672191529,30,58,1630,165,196,"Slovakia",152429.18,3451.8284375,"Male","Some school","race","Large","1E",FALSE,"31-40 years","Doctorate/PhD","C++","3",0,0,0
"254","tri_code",0.240147329650092,1,17,0,0,0,"Indonesia",0,860.147314814815,"Male","No school","tournament","Large","2H",FALSE,"31-40 years","Postgraduate/Master of arts","Java","8",2,0.79408493,0.7802401
"255","trylar",0.259668508287293,0,2,0,0,1,"Russia",0,351.349652777778,"Female","Some school","race","Small","1D",TRUE,"26-30 years","Postgraduate/Master of arts","C++","7",0,0,0
"256","TwCoder",0.197421731123389,0,5,1001,19,22,"Belarus",4500,1593.5880787037,"Male","Some school","tournament","Small","2C",TRUE,"20-25 years old","Undergraduate/Bachelor's degree","Java","7",0,0,0
"257","ty70",0.282504604051565,12,21,896,80,91,"Japan",300,1648.14476851852,"Male","No school","tournament","Large","2H",FALSE,"41-50 years","Undergraduate/Bachelor's degree","C++","6",0,0,0
"258","Uchigle",0.372744014732965,14,26,1400,63,71,"Japan",0,2498.58570601852,"Male","No school","tournament","Large","2E",FALSE,"31-40 years","Postgraduate/Master of arts","C#","6",0,0,0
"259","unbing",0.296869244935543,2,14,2048,115,126,"South Korea",466,2924.66759259259,"Male","Some school","race","Small","1D",FALSE,"20-25 years old","Postgraduate/Master of arts","C++","8",0,0,0
"260","V[i]ctor",0.134806629834254,2,5,1456,31,37,"Russia",0,2446.558125,"Male","Some school","race","Large","1F",FALSE,"20-25 years old","High School","C++","7",0,0,0
"261","vaa2804",0.315285451197053,3,11,427,21,19,"Russia",0,4130.23887731481,"Male","No school","tournament","Large","2H",FALSE,"51 years and above","Postgraduate/Master of arts","C++","5",0,0,0
"262","Vardan(RAU)",0.242725598526704,0,2,746,20,23,"Armenia",0,2716.75149305556,"Male","Some school","tournament","Large","2F",TRUE,"26-30 years","Postgraduate/Master of arts","C++","8",0,0,0
"263","VArt",0.25414364640884,0,3,1250,53,64,"Belarus",0,2752.42862268519,"Male","Some school","race","Large","1H",TRUE,"20-25 years old","Undergraduate/Bachelor's degree","C++","6",0,0,0
"264","vdave",0.506813996316759,33,65,2137,16,18,"Hungary",2116,3619.83666666667,"Male","No school","target","Large","3F",FALSE,"31-40 years","Postgraduate/Master of arts","C++","3",0,0,0
"265","Venug",0.302025782688766,0,2,975,7,7,"Poland",0,410.78400462963,"Male","Some school","target","Large","3F",TRUE,"<20 years old","High School","C++","8",0,0,0
"266","Vetteru",0.518968692449355,0,2,1550,33,36,"Japan",0,808.606284722222,"Male","Some school","race","Large","1G",TRUE,"20-25 years old","High School","C++","1-unwilling",1,0.81389909,0.8144712
"267","vidhyabhushanv",0.288029465930018,0,2,705,1,2,"India",0,173.597280092593,"Male","Some school","target","Small","3B",TRUE,NA,NA,NA,NA,0,0,0
"268","Visoks",0.212154696132597,2,4,0,0,0,"Lithuania",0,62.5375462962963,"Male","Some school","target","Large","3G",FALSE,"20-25 years old","Undergraduate/Bachelor's degree","C++","6",0,0,0
"269","vitux",0.323388581952118,0,2,1533,8,8,"Belarus",0,616.469907407407,"Male","Some school","tournament","Large","2E",TRUE,"<20 years old","High School","C++","7",0,0,0
"270","vokie",0.364640883977901,0,46,444,2,2,"China",0,1608.81392361111,"Male","Some school","target","Large","3H",TRUE,NA,NA,NA,NA,0,0,0
"271","vss109",0.162430939226519,0,4,619,2,3,"India",0,597.8334375,"Female","Some school","race","Small","1D",TRUE,"20-25 years old","Undergraduate/Bachelor's degree","Java","10-completely willing",0,0,0
"272","vuchko",0.089134438305709,0,2,565,1,1,"Ukraine",0,2742.77134259259,"Male","Some school","race","Large","1G",TRUE,"26-30 years","Postgraduate/Master of arts","Java","6",0,0,0
"273","windhunterSB",0.380478821362799,0,3,1997,23,34,"China",0,472.73505787037,"Male","Some school","race","Large","1G",TRUE,"20-25 years old","Postgraduate/Master of arts","C++","7",0,0,0
"274","WojciechMigda",0.401473296500921,4,6,0,0,0,"Poland",0,85.6397569444444,"Male","No school","target","Large","3E",FALSE,"31-40 years","Doctorate/PhD","C++","4",1,0.7993725,0.7928669
"275","wsobolewski",0.250828729281768,9,26,506,6,8,"Poland",8305,2445.71457175926,"Male","No school","target","Large","3F",FALSE,"31-40 years","Undergraduate/Bachelor's degree","C#","6",22,0.81945724,0.8156322
"276","WTrei",0.511970534069982,20,34,1237,3,4,"Germany",39050,1313.43554398148,"Male","Some school","race","Small","1C",FALSE,"26-30 years","Postgraduate/Master of arts","C++","3",48,0.81981847,0.812844
"277","wzyxp_123",0.360220994475138,7,13,1216,52,58,"China",6600,1624.58719907407,"Male","Some school","tournament","Large","2H",FALSE,"26-30 years","Doctorate/PhD","Java","10-completely willing",22,0.82193631,0.8300395
"278","xhae",0.275506445672192,2,4,1831,194,233,"South Korea",85,2720.74826388889,"Male","Some school","race","Small","1A",FALSE,"26-30 years","Undergraduate/Bachelor's degree","C++","9",1,0.79408493,0.7802401
"279","xiakunxian923",0.16390423572744,1,8,645,2,3,"China",300,1834.57209490741,"Male","Some school","target","Small","3D",FALSE,"20-25 years old","Undergraduate/Bachelor's degree","Python","8",0,0,0
"280","xiaoruby",0.245303867403315,0,3,0,0,0,"China",29086.28,1997.51126157407,"Female","Some school","tournament","Small","2B",TRUE,"26-30 years","Postgraduate/Master of arts","C++","9",4,0.80742164,0.8024063
"281","xin135",0.373848987108656,1,10,0,0,0,"China",699218.23,2470.59002314815,"Male","Some school","tournament","Large","2E",FALSE,"31-40 years","Postgraduate/Master of arts","C++","3",0,0,0
"282","xsymphonyx",0.282872928176796,3,5,0,0,0,"Russia",0,300.759467592593,"Male","No school","tournament","Large","2G",FALSE,"26-30 years","Undergraduate/Bachelor's degree","C++","7",0,0,0
"283","yangzhe1991",0.214364640883978,6,17,1457,32,33,"China",80,1787.04246527778,"Male","Some school","tournament","Small","2C",FALSE,"20-25 years old","Undergraduate/Bachelor's degree","Java","7",0,0,0
"284","yannoj2",0.392633517495396,0,3,0,0,0,"Greece",0,150.520613425926,"Male","Some school","race","Small","1C",TRUE,"20-25 years old","Undergraduate/Bachelor's degree","Python","8",0,0,0
"285","yaric_om",0.4,4,6,0,0,0,"Ukraine",100723.28,1307.33290509259,"Male","No school","race","Large","1E",FALSE,"41-50 years","Postgraduate/Master of arts","C++","9",46,0.82078135,0.7996165
"286","yassine12",0.301289134438306,0,2,773,1,1,"Morocco",0,465.586666666667,"Male","Some school","target","Small","3D",TRUE,"26-30 years","Undergraduate/Bachelor's degree","C++","7",0,0,0
"287","YDesai",0.250828729281768,3,13,729,2,3,"United States",0,383.774988425926,"Male","Some school","tournament","Large","2G",FALSE,"20-25 years old","Postgraduate/Master of arts","C++","8",0,0,0
"288","yedtoss",0.268139963167587,7,22,787,36,49,"Benin",144141.57,1468.25071759259,"Male","Some school","target","Large","3E",FALSE,"26-30 years","Doctorate/PhD","C++","9",0,0,0
"289","yfalah",0.430570902394107,4,11,0,0,0,"France",0,798.78556712963,"Male","No school","race","Large","1E",FALSE,"26-30 years","Postgraduate/Master of arts","C++","8",1,0.79408493,0.7802401
"290","ynasu",0.54585635359116,2,6,1817,129,146,"Japan",7000,1502.95403935185,"Male","Some school","target","Large","3E",FALSE,"26-30 years","Postgraduate/Master of arts","Python","6",0,0,0
"291","yoshibo-",0.354696132596685,12,21,1235,47,53,"Japan",0,2351.91247685185,"Male","No school","target","Large","3F",FALSE,NA,NA,NA,NA,1,0.79408493,0.7802401
"292","yrtchn",0.4548802946593,14,27,1277,37,42,"Russia",5100,1374.8993287037,"Male","No school","target","Large","3E",FALSE,"31-40 years","Undergraduate/Bachelor's degree","C#","3",11,0.7993725,0.7928669
"293","zaq1xsw2tktk",0.592633517495396,31,53,2328,120,135,"China",40718.99,2147.56572916667,"Male","Some school","tournament","Large","2E",FALSE,"20-25 years old","Postgraduate/Master of arts","Java","7",17,0.8103706,0.8020258
"294","zhanghanyuan",0,0,2,1981,21,25,"China",0,1720.13251157407,"Male","Some school","race","Small","1C",TRUE,"20-25 years old","Undergraduate/Bachelor's degree","C++","8",0,0,0
"295","zhanyi658657",0.626519337016575,10,20,1443,2,2,"China",21300,2537.02634259259,"Male","Some school","race","Large","1H",FALSE,"26-30 years","Postgraduate/Master of arts","C++","5",0,0,0
"296","zhengqiang",0.392265193370166,9,28,625,14,16,"China",300,3629.12300925926,"Male","No school","race","Small","1A",FALSE,NA,NA,NA,NA,0,0,0
"297","Zimuk",0.377532228360958,2,4,1428,10,13,"Russia",0,222.851180555556,"Male","No school","tournament","Small","2D",FALSE,"31-40 years","Postgraduate/Master of arts","C++","8",0,0,0
"298","zizo0003",0.169060773480663,15,39,1269,71,75,"Egypt",0,2061.55329861111,"Male","Some school","race","Large","1F",FALSE,"26-30 years","Undergraduate/Bachelor's degree","C#","7",0,0,0
"299","ZLATKO",0.294290976058932,54,141,809,279,325,"Macedonia",1563.5,3643.11363425926,"Male","No school","target","Large","3H",FALSE,"41-50 years","Undergraduate/Bachelor's degree","C#","9",1,0.79408493,0.7802410739
